{"tileSize":16,"mapWidth":42,"mapHeight":48,"layers":[{"name":"Layer_4","tiles":[{"id":"0","x":29,"y":40},{"id":"1","x":30,"y":40},{"id":"2","x":31,"y":40},{"id":"3","x":29,"y":41},{"id":"4","x":30,"y":41},{"id":"5","x":31,"y":41},{"id":"6","x":29,"y":42},{"id":"7","x":30,"y":42},{"id":"8","x":31,"y":42},{"id":"9","x":29,"y":43},{"id":"10","x":30,"y":43},{"id":"11","x":31,"y":43},{"id":"12","x":29,"y":44},{"id":"13","x":30,"y":44},{"id":"14","x":31,"y":44}],"collider":false},{"name":"Layer_3","tiles":[{"id":"0","x":26,"y":21},{"id":"1","x":27,"y":21},{"id":"2","x":28,"y":21},{"id":"3","x":26,"y":22},{"id":"4","x":27,"y":22},{"id":"5","x":28,"y":22},{"id":"6","x":26,"y":23},{"id":"7","x":27,"y":23},{"id":"8","x":28,"y":23},{"id":"9","x":26,"y":24},{"id":"10","x":27,"y":24},{"id":"11","x":28,"y":24},{"id":"12","x":26,"y":25},{"id":"13","x":27,"y":25},{"id":"14","x":28,"y":25},{"id":"0","x":23,"y":21},{"id":"1","x":24,"y":21},{"id":"2","x":25,"y":21},{"id":"3","x":23,"y":22},{"id":"4","x":24,"y":22},{"id":"5","x":25,"y":22},{"id":"6","x":23,"y":23},{"id":"7","x":24,"y":23},{"id":"8","x":25,"y":23},{"id":"9","x":23,"y":24},{"id":"10","x":24,"y":24},{"id":"11","x":25,"y":24},{"id":"12","x":23,"y":25},{"id":"13","x":24,"y":25},{"id":"14","x":25,"y":25},{"id":"0","x":29,"y":21},{"id":"1","x":30,"y":21},{"id":"2","x":31,"y":21},{"id":"3","x":29,"y":22},{"id":"4","x":30,"y":22},{"id":"5","x":31,"y":22},{"id":"6","x":29,"y":23},{"id":"7","x":30,"y":23},{"id":"8","x":31,"y":23},{"id":"9","x":29,"y":24},{"id":"10","x":30,"y":24},{"id":"11","x":31,"y":24},{"id":"12","x":29,"y":25},{"id":"13","x":30,"y":25},{"id":"14","x":31,"y":25},{"id":"0","x":14,"y":21},{"id":"1","x":15,"y":21},{"id":"2","x":16,"y":21},{"id":"3","x":14,"y":22},{"id":"4","x":15,"y":22},{"id":"5","x":16,"y":22},{"id":"6","x":14,"y":23},{"id":"7","x":15,"y":23},{"id":"8","x":16,"y":23},{"id":"9","x":14,"y":24},{"id":"10","x":15,"y":24},{"id":"11","x":16,"y":24},{"id":"12","x":14,"y":25},{"id":"13","x":15,"y":25},{"id":"14","x":16,"y":25},{"id":"0","x":11,"y":21},{"id":"1","x":12,"y":21},{"id":"2","x":13,"y":21},{"id":"3","x":11,"y":22},{"id":"5","x":13,"y":22},{"id":"6","x":11,"y":23},{"id":"8","x":13,"y":23},{"id":"9","x":11,"y":24},{"id":"10","x":12,"y":24},{"id":"11","x":13,"y":24},{"id":"12","x":11,"y":25},{"id":"13","x":12,"y":25},{"id":"14","x":13,"y":25},{"id":"0","x":8,"y":21},{"id":"1","x":9,"y":21},{"id":"2","x":10,"y":21},{"id":"3","x":8,"y":22},{"id":"4","x":9,"y":22},{"id":"5","x":10,"y":22},{"id":"6","x":8,"y":23},{"id":"7","x":9,"y":23},{"id":"8","x":10,"y":23},{"id":"9","x":8,"y":24},{"id":"10","x":9,"y":24},{"id":"11","x":10,"y":24},{"id":"12","x":8,"y":25},{"id":"13","x":9,"y":25},{"id":"14","x":10,"y":25},{"id":"0","x":23,"y":31},{"id":"1","x":24,"y":31},{"id":"2","x":25,"y":31},{"id":"3","x":23,"y":32},{"id":"4","x":24,"y":32},{"id":"5","x":25,"y":32},{"id":"6","x":23,"y":33},{"id":"7","x":24,"y":33},{"id":"8","x":25,"y":33},{"id":"9","x":23,"y":34},{"id":"10","x":24,"y":34},{"id":"11","x":25,"y":34},{"id":"12","x":23,"y":35},{"id":"13","x":24,"y":35},{"id":"14","x":25,"y":35},{"id":"0","x":26,"y":31},{"id":"1","x":27,"y":31},{"id":"2","x":28,"y":31},{"id":"3","x":26,"y":32},{"id":"4","x":27,"y":32},{"id":"5","x":28,"y":32},{"id":"6","x":26,"y":33},{"id":"7","x":27,"y":33},{"id":"8","x":28,"y":33},{"id":"9","x":26,"y":34},{"id":"10","x":27,"y":34},{"id":"11","x":28,"y":34},{"id":"12","x":26,"y":35},{"id":"13","x":27,"y":35},{"id":"14","x":28,"y":35},{"id":"0","x":29,"y":31},{"id":"1","x":30,"y":31},{"id":"2","x":31,"y":31},{"id":"3","x":29,"y":32},{"id":"4","x":30,"y":32},{"id":"5","x":31,"y":32},{"id":"6","x":29,"y":33},{"id":"7","x":30,"y":33},{"id":"8","x":31,"y":33},{"id":"9","x":29,"y":34},{"id":"10","x":30,"y":34},{"id":"11","x":31,"y":34},{"id":"12","x":29,"y":35},{"id":"13","x":30,"y":35},{"id":"14","x":31,"y":35},{"id":"0","x":23,"y":40},{"id":"1","x":24,"y":40},{"id":"2","x":25,"y":40},{"id":"3","x":23,"y":41},{"id":"4","x":24,"y":41},{"id":"5","x":25,"y":41},{"id":"6","x":23,"y":42},{"id":"7","x":24,"y":42},{"id":"8","x":25,"y":42},{"id":"9","x":23,"y":43},{"id":"10","x":24,"y":43},{"id":"11","x":25,"y":43},{"id":"12","x":23,"y":44},{"id":"13","x":24,"y":44},{"id":"14","x":25,"y":44},{"id":"0","x":26,"y":40},{"id":"1","x":27,"y":40},{"id":"2","x":28,"y":40},{"id":"3","x":26,"y":41},{"id":"4","x":27,"y":41},{"id":"5","x":28,"y":41},{"id":"6","x":26,"y":42},{"id":"7","x":27,"y":42},{"id":"8","x":28,"y":42},{"id":"9","x":26,"y":43},{"id":"10","x":27,"y":43},{"id":"11","x":28,"y":43},{"id":"12","x":26,"y":44},{"id":"13","x":27,"y":44},{"id":"14","x":28,"y":44},{"id":"7","x":12,"y":23},{"id":"4","x":12,"y":22},{"id":"0","x":32,"y":31},{"id":"1","x":33,"y":31},{"id":"2","x":34,"y":31},{"id":"3","x":32,"y":32},{"id":"4","x":33,"y":32},{"id":"5","x":34,"y":32},{"id":"6","x":32,"y":33},{"id":"7","x":33,"y":33},{"id":"8","x":34,"y":33},{"id":"9","x":32,"y":34},{"id":"10","x":33,"y":34},{"id":"11","x":34,"y":34},{"id":"12","x":32,"y":35},{"id":"13","x":33,"y":35},{"id":"14","x":34,"y":35},{"id":"0","x":32,"y":21},{"id":"1","x":33,"y":21},{"id":"2","x":34,"y":21},{"id":"3","x":32,"y":22},{"id":"4","x":33,"y":22},{"id":"5","x":34,"y":22},{"id":"6","x":32,"y":23},{"id":"7","x":33,"y":23},{"id":"8","x":34,"y":23},{"id":"9","x":32,"y":24},{"id":"10","x":33,"y":24},{"id":"11","x":34,"y":24},{"id":"12","x":32,"y":25},{"id":"13","x":33,"y":25},{"id":"14","x":34,"y":25},{"id":"0","x":5,"y":21},{"id":"1","x":6,"y":21},{"id":"2","x":7,"y":21},{"id":"3","x":5,"y":22},{"id":"4","x":6,"y":22},{"id":"5","x":7,"y":22},{"id":"6","x":5,"y":23},{"id":"7","x":6,"y":23},{"id":"8","x":7,"y":23},{"id":"9","x":5,"y":24},{"id":"10","x":6,"y":24},{"id":"11","x":7,"y":24},{"id":"12","x":5,"y":25},{"id":"13","x":6,"y":25},{"id":"14","x":7,"y":25},{"id":"0","x":32,"y":40},{"id":"1","x":33,"y":40},{"id":"2","x":34,"y":40},{"id":"3","x":32,"y":41},{"id":"4","x":33,"y":41},{"id":"5","x":34,"y":41},{"id":"6","x":32,"y":42},{"id":"7","x":33,"y":42},{"id":"8","x":34,"y":42},{"id":"9","x":32,"y":43},{"id":"10","x":33,"y":43},{"id":"11","x":34,"y":43},{"id":"12","x":32,"y":44},{"id":"13","x":33,"y":44},{"id":"14","x":34,"y":44},{"id":"0","x":5,"y":28},{"id":"1","x":6,"y":28},{"id":"2","x":7,"y":28},{"id":"3","x":5,"y":29},{"id":"4","x":6,"y":29},{"id":"5","x":7,"y":29},{"id":"6","x":5,"y":30},{"id":"7","x":6,"y":30},{"id":"8","x":7,"y":30},{"id":"9","x":5,"y":31},{"id":"10","x":6,"y":31},{"id":"11","x":7,"y":31},{"id":"12","x":5,"y":32},{"id":"13","x":6,"y":32},{"id":"14","x":7,"y":32},{"id":"0","x":8,"y":28},{"id":"1","x":9,"y":28},{"id":"2","x":10,"y":28},{"id":"3","x":8,"y":29},{"id":"4","x":9,"y":29},{"id":"5","x":10,"y":29},{"id":"6","x":8,"y":30},{"id":"7","x":9,"y":30},{"id":"8","x":10,"y":30},{"id":"9","x":8,"y":31},{"id":"10","x":9,"y":31},{"id":"11","x":10,"y":31},{"id":"12","x":8,"y":32},{"id":"13","x":9,"y":32},{"id":"14","x":10,"y":32},{"id":"0","x":11,"y":28},{"id":"1","x":12,"y":28},{"id":"2","x":13,"y":28},{"id":"3","x":11,"y":29},{"id":"4","x":12,"y":29},{"id":"5","x":13,"y":29},{"id":"6","x":11,"y":30},{"id":"7","x":12,"y":30},{"id":"8","x":13,"y":30},{"id":"9","x":11,"y":31},{"id":"10","x":12,"y":31},{"id":"11","x":13,"y":31},{"id":"12","x":11,"y":32},{"id":"13","x":12,"y":32},{"id":"14","x":13,"y":32},{"id":"0","x":14,"y":28},{"id":"1","x":15,"y":28},{"id":"2","x":16,"y":28},{"id":"3","x":14,"y":29},{"id":"4","x":15,"y":29},{"id":"5","x":16,"y":29},{"id":"6","x":14,"y":30},{"id":"7","x":15,"y":30},{"id":"8","x":16,"y":30},{"id":"9","x":14,"y":31},{"id":"10","x":15,"y":31},{"id":"11","x":16,"y":31},{"id":"12","x":14,"y":32},{"id":"13","x":15,"y":32},{"id":"14","x":16,"y":32},{"id":"0","x":5,"y":35},{"id":"1","x":6,"y":35},{"id":"2","x":7,"y":35},{"id":"3","x":5,"y":36},{"id":"4","x":6,"y":36},{"id":"5","x":7,"y":36},{"id":"6","x":5,"y":37},{"id":"7","x":6,"y":37},{"id":"8","x":7,"y":37},{"id":"9","x":5,"y":38},{"id":"10","x":6,"y":38},{"id":"11","x":7,"y":38},{"id":"12","x":5,"y":39},{"id":"13","x":6,"y":39},{"id":"14","x":7,"y":39},{"id":"0","x":8,"y":35},{"id":"1","x":9,"y":35},{"id":"2","x":10,"y":35},{"id":"3","x":8,"y":36},{"id":"4","x":9,"y":36},{"id":"5","x":10,"y":36},{"id":"6","x":8,"y":37},{"id":"7","x":9,"y":37},{"id":"8","x":10,"y":37},{"id":"9","x":8,"y":38},{"id":"10","x":9,"y":38},{"id":"11","x":10,"y":38},{"id":"12","x":8,"y":39},{"id":"13","x":9,"y":39},{"id":"14","x":10,"y":39},{"id":"0","x":11,"y":35},{"id":"1","x":12,"y":35},{"id":"2","x":13,"y":35},{"id":"3","x":11,"y":36},{"id":"4","x":12,"y":36},{"id":"5","x":13,"y":36},{"id":"6","x":11,"y":37},{"id":"7","x":12,"y":37},{"id":"8","x":13,"y":37},{"id":"9","x":11,"y":38},{"id":"10","x":12,"y":38},{"id":"11","x":13,"y":38},{"id":"12","x":11,"y":39},{"id":"13","x":12,"y":39},{"id":"14","x":13,"y":39},{"id":"0","x":14,"y":35},{"id":"1","x":15,"y":35},{"id":"2","x":16,"y":35},{"id":"3","x":14,"y":36},{"id":"4","x":15,"y":36},{"id":"5","x":16,"y":36},{"id":"6","x":14,"y":37},{"id":"7","x":15,"y":37},{"id":"8","x":16,"y":37},{"id":"9","x":14,"y":38},{"id":"10","x":15,"y":38},{"id":"11","x":16,"y":38},{"id":"12","x":14,"y":39},{"id":"13","x":15,"y":39},{"id":"14","x":16,"y":39},{"id":"0","x":5,"y":42},{"id":"1","x":6,"y":42},{"id":"2","x":7,"y":42},{"id":"3","x":5,"y":43},{"id":"4","x":6,"y":43},{"id":"5","x":7,"y":43},{"id":"6","x":5,"y":44},{"id":"7","x":6,"y":44},{"id":"8","x":7,"y":44},{"id":"9","x":5,"y":45},{"id":"10","x":6,"y":45},{"id":"11","x":7,"y":45},{"id":"12","x":5,"y":46},{"id":"13","x":6,"y":46},{"id":"14","x":7,"y":46},{"id":"0","x":8,"y":42},{"id":"1","x":9,"y":42},{"id":"2","x":10,"y":42},{"id":"3","x":8,"y":43},{"id":"4","x":9,"y":43},{"id":"5","x":10,"y":43},{"id":"6","x":8,"y":44},{"id":"7","x":9,"y":44},{"id":"8","x":10,"y":44},{"id":"9","x":8,"y":45},{"id":"10","x":9,"y":45},{"id":"11","x":10,"y":45},{"id":"12","x":8,"y":46},{"id":"13","x":9,"y":46},{"id":"14","x":10,"y":46},{"id":"0","x":11,"y":42},{"id":"1","x":12,"y":42},{"id":"2","x":13,"y":42},{"id":"3","x":11,"y":43},{"id":"4","x":12,"y":43},{"id":"5","x":13,"y":43},{"id":"6","x":11,"y":44},{"id":"7","x":12,"y":44},{"id":"8","x":13,"y":44},{"id":"9","x":11,"y":45},{"id":"10","x":12,"y":45},{"id":"11","x":13,"y":45},{"id":"12","x":11,"y":46},{"id":"13","x":12,"y":46},{"id":"14","x":13,"y":46},{"id":"0","x":14,"y":42},{"id":"1","x":15,"y":42},{"id":"2","x":16,"y":42},{"id":"3","x":14,"y":43},{"id":"4","x":15,"y":43},{"id":"5","x":16,"y":43},{"id":"6","x":14,"y":44},{"id":"7","x":15,"y":44},{"id":"8","x":16,"y":44},{"id":"9","x":14,"y":45},{"id":"10","x":15,"y":45},{"id":"11","x":16,"y":45},{"id":"12","x":14,"y":46},{"id":"13","x":15,"y":46},{"id":"14","x":16,"y":46}],"collider":false},{"name":"Layer_5","tiles":[{"id":"15","x":11,"y":11},{"id":"16","x":11,"y":12},{"id":"15","x":23,"y":20},{"id":"17","x":23,"y":21},{"id":"15","x":26,"y":20},{"id":"17","x":26,"y":21},{"id":"15","x":29,"y":20},{"id":"17","x":29,"y":21},{"id":"15","x":26,"y":30},{"id":"17","x":26,"y":31},{"id":"15","x":26,"y":39},{"id":"17","x":26,"y":40},{"id":"15","x":29,"y":39},{"id":"17","x":29,"y":40},{"id":"15","x":32,"y":39},{"id":"17","x":32,"y":40},{"id":"18","x":23,"y":30},{"id":"19","x":23,"y":31},{"id":"15","x":32,"y":20},{"id":"17","x":32,"y":21},{"id":"15","x":8,"y":41},{"id":"17","x":8,"y":42},{"id":"15","x":11,"y":41},{"id":"17","x":11,"y":42},{"id":"15","x":5,"y":34},{"id":"17","x":5,"y":35},{"id":"15","x":8,"y":34},{"id":"17","x":8,"y":35},{"id":"15","x":11,"y":34},{"id":"17","x":11,"y":35},{"id":"15","x":14,"y":34},{"id":"17","x":14,"y":35},{"id":"18","x":5,"y":26},{"id":"19","x":5,"y":27},{"id":"18","x":8,"y":26},{"id":"19","x":8,"y":27},{"id":"18","x":11,"y":26},{"id":"19","x":11,"y":27},{"id":"18","x":14,"y":26},{"id":"19","x":14,"y":27},{"id":"15","x":5,"y":20},{"id":"17","x":5,"y":21},{"id":"15","x":8,"y":20},{"id":"17","x":8,"y":21},{"id":"15","x":11,"y":20},{"id":"17","x":11,"y":21},{"id":"15","x":14,"y":20},{"id":"17","x":14,"y":21}],"collider":false},{"name":"Layer_2","tiles":[{"id":"20","x":11,"y":13},{"id":"21","x":11,"y":14},{"id":"22","x":2,"y":17},{"id":"22","x":2,"y":18},{"id":"22","x":2,"y":19},{"id":"22","x":2,"y":20},{"id":"22","x":2,"y":21},{"id":"22","x":2,"y":22},{"id":"23","x":3,"y":25},{"id":"23","x":3,"y":26},{"id":"23","x":3,"y":27},{"id":"23","x":3,"y":28},{"id":"23","x":3,"y":29},{"id":"23","x":3,"y":31},{"id":"23","x":3,"y":32},{"id":"23","x":3,"y":33},{"id":"23","x":3,"y":34},{"id":"23","x":3,"y":35},{"id":"23","x":3,"y":36},{"id":"23","x":3,"y":37},{"id":"23","x":3,"y":38},{"id":"23","x":3,"y":39},{"id":"23","x":3,"y":40},{"id":"23","x":3,"y":41},{"id":"23","x":3,"y":42},{"id":"23","x":3,"y":43},{"id":"23","x":3,"y":44},{"id":"23","x":3,"y":45},{"id":"23","x":3,"y":46},{"id":"24","x":2,"y":25},{"id":"24","x":1,"y":25},{"id":"24","x":1,"y":26},{"id":"24","x":2,"y":26},{"id":"24","x":2,"y":27},{"id":"24","x":1,"y":27},{"id":"24","x":1,"y":28},{"id":"24","x":1,"y":29},{"id":"24","x":1,"y":30},{"id":"24","x":2,"y":30},{"id":"24","x":2,"y":31},{"id":"24","x":2,"y":33},{"id":"24","x":1,"y":33},{"id":"24","x":1,"y":31},{"id":"24","x":1,"y":32},{"id":"24","x":2,"y":32},{"id":"24","x":2,"y":29},{"id":"24","x":2,"y":28},{"id":"24","x":1,"y":34},{"id":"24","x":1,"y":35},{"id":"24","x":1,"y":36},{"id":"24","x":1,"y":37},{"id":"24","x":1,"y":38},{"id":"24","x":1,"y":39},{"id":"24","x":1,"y":40},{"id":"24","x":2,"y":34},{"id":"24","x":2,"y":35},{"id":"24","x":2,"y":36},{"id":"24","x":2,"y":37},{"id":"24","x":2,"y":38},{"id":"24","x":2,"y":39},{"id":"24","x":1,"y":41},{"id":"24","x":1,"y":42},{"id":"24","x":1,"y":43},{"id":"24","x":1,"y":44},{"id":"24","x":1,"y":45},{"id":"24","x":2,"y":45},{"id":"24","x":2,"y":44},{"id":"24","x":2,"y":43},{"id":"24","x":2,"y":42},{"id":"24","x":2,"y":41},{"id":"24","x":2,"y":40},{"id":"24","x":1,"y":24},{"id":"25","x":0,"y":23},{"id":"26","x":1,"y":23},{"id":"24","x":1,"y":46},{"id":"24","x":2,"y":46},{"id":"27","x":1,"y":47},{"id":"27","x":2,"y":47},{"id":"24","x":2,"y":24},{"id":"26","x":2,"y":23},{"id":"23","x":3,"y":24},{"id":"28","x":3,"y":23},{"id":"29","x":11,"y":19},{"id":"30","x":12,"y":19},{"id":"31","x":13,"y":19},{"id":"32","x":11,"y":20},{"id":"33","x":12,"y":20},{"id":"34","x":13,"y":20},{"id":"35","x":11,"y":21},{"id":"36","x":12,"y":21},{"id":"37","x":13,"y":21},{"id":"38","x":11,"y":22},{"id":"38","x":12,"y":22},{"id":"38","x":13,"y":22},{"id":"29","x":8,"y":19},{"id":"30","x":9,"y":19},{"id":"31","x":10,"y":19},{"id":"32","x":8,"y":20},{"id":"34","x":10,"y":20},{"id":"35","x":8,"y":21},{"id":"37","x":10,"y":21},{"id":"38","x":8,"y":22},{"id":"38","x":9,"y":22},{"id":"38","x":10,"y":22},{"id":"29","x":14,"y":19},{"id":"30","x":15,"y":19},{"id":"31","x":16,"y":19},{"id":"32","x":14,"y":20},{"id":"33","x":15,"y":20},{"id":"34","x":16,"y":20},{"id":"35","x":14,"y":21},{"id":"36","x":15,"y":21},{"id":"37","x":16,"y":21},{"id":"38","x":14,"y":22},{"id":"38","x":15,"y":22},{"id":"38","x":16,"y":22},{"id":"29","x":29,"y":19},{"id":"30","x":30,"y":19},{"id":"31","x":31,"y":19},{"id":"32","x":29,"y":20},{"id":"33","x":30,"y":20},{"id":"34","x":31,"y":20},{"id":"35","x":29,"y":21},{"id":"36","x":30,"y":21},{"id":"37","x":31,"y":21},{"id":"38","x":29,"y":22},{"id":"38","x":30,"y":22},{"id":"38","x":31,"y":22},{"id":"29","x":26,"y":19},{"id":"30","x":27,"y":19},{"id":"31","x":28,"y":19},{"id":"32","x":26,"y":20},{"id":"33","x":27,"y":20},{"id":"34","x":28,"y":20},{"id":"35","x":26,"y":21},{"id":"36","x":27,"y":21},{"id":"37","x":28,"y":21},{"id":"38","x":26,"y":22},{"id":"38","x":27,"y":22},{"id":"38","x":28,"y":22},{"id":"29","x":23,"y":19},{"id":"30","x":24,"y":19},{"id":"31","x":25,"y":19},{"id":"32","x":23,"y":20},{"id":"33","x":24,"y":20},{"id":"34","x":25,"y":20},{"id":"35","x":23,"y":21},{"id":"36","x":24,"y":21},{"id":"37","x":25,"y":21},{"id":"38","x":23,"y":22},{"id":"38","x":24,"y":22},{"id":"38","x":25,"y":22},{"id":"29","x":23,"y":29},{"id":"30","x":24,"y":29},{"id":"31","x":25,"y":29},{"id":"32","x":23,"y":30},{"id":"33","x":24,"y":30},{"id":"34","x":25,"y":30},{"id":"35","x":23,"y":31},{"id":"36","x":24,"y":31},{"id":"37","x":25,"y":31},{"id":"38","x":23,"y":32},{"id":"38","x":24,"y":32},{"id":"38","x":25,"y":32},{"id":"29","x":26,"y":29},{"id":"30","x":27,"y":29},{"id":"31","x":28,"y":29},{"id":"32","x":26,"y":30},{"id":"33","x":27,"y":30},{"id":"34","x":28,"y":30},{"id":"35","x":26,"y":31},{"id":"36","x":27,"y":31},{"id":"37","x":28,"y":31},{"id":"38","x":26,"y":32},{"id":"38","x":27,"y":32},{"id":"38","x":28,"y":32},{"id":"29","x":29,"y":29},{"id":"30","x":30,"y":29},{"id":"31","x":31,"y":29},{"id":"32","x":29,"y":30},{"id":"33","x":30,"y":30},{"id":"34","x":31,"y":30},{"id":"35","x":29,"y":31},{"id":"36","x":30,"y":31},{"id":"37","x":31,"y":31},{"id":"38","x":29,"y":32},{"id":"38","x":30,"y":32},{"id":"38","x":31,"y":32},{"id":"29","x":23,"y":38},{"id":"30","x":24,"y":38},{"id":"31","x":25,"y":38},{"id":"32","x":23,"y":39},{"id":"33","x":24,"y":39},{"id":"34","x":25,"y":39},{"id":"35","x":23,"y":40},{"id":"36","x":24,"y":40},{"id":"37","x":25,"y":40},{"id":"38","x":23,"y":41},{"id":"38","x":24,"y":41},{"id":"38","x":25,"y":41},{"id":"29","x":26,"y":38},{"id":"30","x":27,"y":38},{"id":"31","x":28,"y":38},{"id":"32","x":26,"y":39},{"id":"33","x":27,"y":39},{"id":"34","x":28,"y":39},{"id":"35","x":26,"y":40},{"id":"36","x":27,"y":40},{"id":"37","x":28,"y":40},{"id":"38","x":26,"y":41},{"id":"38","x":27,"y":41},{"id":"38","x":28,"y":41},{"id":"36","x":9,"y":21},{"id":"33","x":9,"y":20},{"id":"29","x":29,"y":38},{"id":"30","x":30,"y":38},{"id":"31","x":31,"y":38},{"id":"32","x":29,"y":39},{"id":"33","x":30,"y":39},{"id":"34","x":31,"y":39},{"id":"35","x":29,"y":40},{"id":"36","x":30,"y":40},{"id":"37","x":31,"y":40},{"id":"38","x":29,"y":41},{"id":"38","x":30,"y":41},{"id":"38","x":31,"y":41},{"id":"29","x":32,"y":38},{"id":"30","x":33,"y":38},{"id":"31","x":34,"y":38},{"id":"32","x":32,"y":39},{"id":"33","x":33,"y":39},{"id":"34","x":34,"y":39},{"id":"35","x":32,"y":40},{"id":"36","x":33,"y":40},{"id":"37","x":34,"y":40},{"id":"38","x":32,"y":41},{"id":"38","x":33,"y":41},{"id":"38","x":34,"y":41},{"id":"29","x":32,"y":29},{"id":"30","x":33,"y":29},{"id":"31","x":34,"y":29},{"id":"32","x":32,"y":30},{"id":"33","x":33,"y":30},{"id":"34","x":34,"y":30},{"id":"35","x":32,"y":31},{"id":"36","x":33,"y":31},{"id":"37","x":34,"y":31},{"id":"38","x":32,"y":32},{"id":"38","x":33,"y":32},{"id":"38","x":34,"y":32},{"id":"29","x":5,"y":19},{"id":"30","x":6,"y":19},{"id":"31","x":7,"y":19},{"id":"32","x":5,"y":20},{"id":"33","x":6,"y":20},{"id":"34","x":7,"y":20},{"id":"35","x":5,"y":21},{"id":"36","x":6,"y":21},{"id":"37","x":7,"y":21},{"id":"38","x":5,"y":22},{"id":"38","x":6,"y":22},{"id":"38","x":7,"y":22},{"id":"29","x":32,"y":19},{"id":"30","x":33,"y":19},{"id":"31","x":34,"y":19},{"id":"32","x":32,"y":20},{"id":"33","x":33,"y":20},{"id":"34","x":34,"y":20},{"id":"35","x":32,"y":21},{"id":"36","x":33,"y":21},{"id":"37","x":34,"y":21},{"id":"38","x":32,"y":22},{"id":"38","x":33,"y":22},{"id":"38","x":34,"y":22},{"id":"23","x":3,"y":30},{"id":"29","x":8,"y":26},{"id":"30","x":9,"y":26},{"id":"31","x":10,"y":26},{"id":"32","x":8,"y":27},{"id":"33","x":9,"y":27},{"id":"34","x":10,"y":27},{"id":"35","x":8,"y":28},{"id":"36","x":9,"y":28},{"id":"37","x":10,"y":28},{"id":"38","x":8,"y":29},{"id":"38","x":9,"y":29},{"id":"38","x":10,"y":29},{"id":"29","x":11,"y":26},{"id":"30","x":12,"y":26},{"id":"31","x":13,"y":26},{"id":"32","x":11,"y":27},{"id":"33","x":12,"y":27},{"id":"34","x":13,"y":27},{"id":"35","x":11,"y":28},{"id":"36","x":12,"y":28},{"id":"37","x":13,"y":28},{"id":"38","x":11,"y":29},{"id":"38","x":12,"y":29},{"id":"38","x":13,"y":29},{"id":"29","x":14,"y":26},{"id":"30","x":15,"y":26},{"id":"31","x":16,"y":26},{"id":"32","x":14,"y":27},{"id":"33","x":15,"y":27},{"id":"34","x":16,"y":27},{"id":"35","x":14,"y":28},{"id":"36","x":15,"y":28},{"id":"37","x":16,"y":28},{"id":"38","x":14,"y":29},{"id":"38","x":15,"y":29},{"id":"38","x":16,"y":29},{"id":"29","x":5,"y":26},{"id":"30","x":6,"y":26},{"id":"31","x":7,"y":26},{"id":"32","x":5,"y":27},{"id":"33","x":6,"y":27},{"id":"34","x":7,"y":27},{"id":"35","x":5,"y":28},{"id":"36","x":6,"y":28},{"id":"37","x":7,"y":28},{"id":"38","x":5,"y":29},{"id":"38","x":6,"y":29},{"id":"38","x":7,"y":29},{"id":"29","x":5,"y":33},{"id":"30","x":6,"y":33},{"id":"31","x":7,"y":33},{"id":"32","x":5,"y":34},{"id":"33","x":6,"y":34},{"id":"34","x":7,"y":34},{"id":"35","x":5,"y":35},{"id":"36","x":6,"y":35},{"id":"37","x":7,"y":35},{"id":"38","x":5,"y":36},{"id":"38","x":6,"y":36},{"id":"38","x":7,"y":36},{"id":"29","x":8,"y":33},{"id":"30","x":9,"y":33},{"id":"31","x":10,"y":33},{"id":"32","x":8,"y":34},{"id":"33","x":9,"y":34},{"id":"34","x":10,"y":34},{"id":"35","x":8,"y":35},{"id":"36","x":9,"y":35},{"id":"37","x":10,"y":35},{"id":"38","x":8,"y":36},{"id":"38","x":9,"y":36},{"id":"38","x":10,"y":36},{"id":"29","x":11,"y":33},{"id":"30","x":12,"y":33},{"id":"31","x":13,"y":33},{"id":"32","x":11,"y":34},{"id":"33","x":12,"y":34},{"id":"34","x":13,"y":34},{"id":"35","x":11,"y":35},{"id":"36","x":12,"y":35},{"id":"37","x":13,"y":35},{"id":"38","x":11,"y":36},{"id":"38","x":12,"y":36},{"id":"38","x":13,"y":36},{"id":"29","x":5,"y":40},{"id":"30","x":6,"y":40},{"id":"31","x":7,"y":40},{"id":"32","x":5,"y":41},{"id":"33","x":6,"y":41},{"id":"34","x":7,"y":41},{"id":"35","x":5,"y":42},{"id":"36","x":6,"y":42},{"id":"37","x":7,"y":42},{"id":"38","x":5,"y":43},{"id":"38","x":6,"y":43},{"id":"38","x":7,"y":43},{"id":"29","x":8,"y":40},{"id":"30","x":9,"y":40},{"id":"31","x":10,"y":40},{"id":"32","x":8,"y":41},{"id":"33","x":9,"y":41},{"id":"34","x":10,"y":41},{"id":"35","x":8,"y":42},{"id":"36","x":9,"y":42},{"id":"37","x":10,"y":42},{"id":"38","x":8,"y":43},{"id":"38","x":9,"y":43},{"id":"38","x":10,"y":43},{"id":"29","x":11,"y":40},{"id":"30","x":12,"y":40},{"id":"31","x":13,"y":40},{"id":"32","x":11,"y":41},{"id":"33","x":12,"y":41},{"id":"34","x":13,"y":41},{"id":"35","x":11,"y":42},{"id":"36","x":12,"y":42},{"id":"37","x":13,"y":42},{"id":"38","x":11,"y":43},{"id":"38","x":12,"y":43},{"id":"38","x":13,"y":43},{"id":"29","x":14,"y":40},{"id":"30","x":15,"y":40},{"id":"31","x":16,"y":40},{"id":"32","x":14,"y":41},{"id":"33","x":15,"y":41},{"id":"34","x":16,"y":41},{"id":"35","x":14,"y":42},{"id":"36","x":15,"y":42},{"id":"37","x":16,"y":42},{"id":"38","x":14,"y":43},{"id":"38","x":15,"y":43},{"id":"38","x":16,"y":43},{"id":"29","x":14,"y":33},{"id":"30","x":15,"y":33},{"id":"31","x":16,"y":33},{"id":"32","x":14,"y":34},{"id":"33","x":15,"y":34},{"id":"34","x":16,"y":34},{"id":"35","x":14,"y":35},{"id":"36","x":15,"y":35},{"id":"37","x":16,"y":35},{"id":"38","x":14,"y":36},{"id":"38","x":15,"y":36},{"id":"38","x":16,"y":36}],"collider":false},{"name":"Layer_1","tiles":[{"id":"39","x":37,"y":13},{"id":"40","x":5,"y":16},{"id":"41","x":5,"y":15},{"id":"42","x":5,"y":14},{"id":"42","x":5,"y":13},{"id":"42","x":5,"y":12},{"id":"42","x":5,"y":11},{"id":"42","x":5,"y":10},{"id":"42","x":5,"y":9},{"id":"42","x":5,"y":8},{"id":"42","x":5,"y":7},{"id":"42","x":5,"y":6},{"id":"42","x":5,"y":5},{"id":"43","x":4,"y":14},{"id":"43","x":4,"y":13},{"id":"43","x":4,"y":12},{"id":"43","x":4,"y":11},{"id":"43","x":4,"y":10},{"id":"43","x":4,"y":9},{"id":"43","x":4,"y":8},{"id":"43","x":4,"y":7},{"id":"43","x":4,"y":6},{"id":"43","x":4,"y":5},{"id":"43","x":4,"y":4},{"id":"43","x":3,"y":4},{"id":"43","x":3,"y":14},{"id":"43","x":3,"y":13},{"id":"43","x":3,"y":12},{"id":"43","x":3,"y":11},{"id":"43","x":3,"y":10},{"id":"43","x":3,"y":9},{"id":"43","x":3,"y":8},{"id":"43","x":3,"y":7},{"id":"43","x":3,"y":6},{"id":"43","x":3,"y":5},{"id":"44","x":2,"y":16},{"id":"45","x":2,"y":14},{"id":"45","x":2,"y":13},{"id":"45","x":2,"y":12},{"id":"45","x":2,"y":11},{"id":"45","x":2,"y":10},{"id":"45","x":2,"y":9},{"id":"45","x":2,"y":8},{"id":"45","x":2,"y":7},{"id":"45","x":2,"y":6},{"id":"45","x":2,"y":5},{"id":"45","x":2,"y":4},{"id":"42","x":5,"y":4},{"id":"46","x":3,"y":16},{"id":"46","x":4,"y":16},{"id":"47","x":2,"y":15},{"id":"48","x":4,"y":15},{"id":"48","x":3,"y":15},{"id":"29","x":8,"y":11},{"id":"30","x":9,"y":11},{"id":"31","x":10,"y":11},{"id":"32","x":8,"y":12},{"id":"33","x":9,"y":12},{"id":"34","x":10,"y":12},{"id":"35","x":8,"y":13},{"id":"36","x":9,"y":13},{"id":"37","x":10,"y":13},{"id":"38","x":8,"y":14},{"id":"38","x":9,"y":14},{"id":"38","x":10,"y":14},{"id":"49","x":11,"y":14},{"id":"50","x":7,"y":14},{"id":"51","x":7,"y":13},{"id":"20","x":11,"y":13},{"id":"52","x":7,"y":15},{"id":"53","x":6,"y":15},{"id":"53","x":6,"y":14},{"id":"53","x":6,"y":13},{"id":"53","x":11,"y":15}],"collider":false},{"name":"Layer_0","tiles":[{"id":"54","x":2,"y":47},{"id":"54","x":3,"y":47},{"id":"54","x":4,"y":47},{"id":"54","x":5,"y":47},{"id":"54","x":6,"y":47},{"id":"54","x":7,"y":47},{"id":"54","x":8,"y":47},{"id":"54","x":9,"y":47},{"id":"54","x":10,"y":47},{"id":"54","x":11,"y":47},{"id":"54","x":12,"y":47},{"id":"54","x":13,"y":47},{"id":"54","x":14,"y":47},{"id":"54","x":15,"y":47},{"id":"54","x":16,"y":47},{"id":"54","x":17,"y":47},{"id":"54","x":18,"y":47},{"id":"54","x":19,"y":47},{"id":"54","x":20,"y":47},{"id":"54","x":21,"y":47},{"id":"54","x":22,"y":47},{"id":"54","x":23,"y":47},{"id":"54","x":24,"y":47},{"id":"54","x":25,"y":47},{"id":"54","x":26,"y":47},{"id":"54","x":27,"y":47},{"id":"54","x":28,"y":47},{"id":"54","x":29,"y":47},{"id":"54","x":30,"y":47},{"id":"54","x":31,"y":47},{"id":"54","x":32,"y":47},{"id":"54","x":33,"y":47},{"id":"54","x":34,"y":47},{"id":"54","x":35,"y":47},{"id":"54","x":36,"y":47},{"id":"55","x":1,"y":47},{"id":"25","x":0,"y":47},{"id":"56","x":0,"y":46},{"id":"56","x":0,"y":45},{"id":"56","x":0,"y":44},{"id":"56","x":0,"y":43},{"id":"56","x":0,"y":42},{"id":"56","x":0,"y":41},{"id":"56","x":0,"y":40},{"id":"56","x":0,"y":39},{"id":"56","x":0,"y":38},{"id":"56","x":0,"y":37},{"id":"56","x":0,"y":36},{"id":"56","x":0,"y":35},{"id":"56","x":0,"y":34},{"id":"56","x":0,"y":33},{"id":"56","x":0,"y":32},{"id":"56","x":0,"y":31},{"id":"56","x":0,"y":30},{"id":"56","x":0,"y":29},{"id":"56","x":0,"y":28},{"id":"56","x":0,"y":27},{"id":"56","x":0,"y":26},{"id":"56","x":0,"y":25},{"id":"56","x":0,"y":24},{"id":"56","x":0,"y":23},{"id":"56","x":0,"y":22},{"id":"56","x":0,"y":21},{"id":"56","x":0,"y":20},{"id":"56","x":0,"y":19},{"id":"56","x":0,"y":18},{"id":"56","x":0,"y":17},{"id":"56","x":0,"y":16},{"id":"57","x":1,"y":16},{"id":"57","x":1,"y":17},{"id":"57","x":1,"y":18},{"id":"57","x":1,"y":19},{"id":"57","x":1,"y":20},{"id":"57","x":1,"y":21},{"id":"57","x":1,"y":22},{"id":"57","x":1,"y":23},{"id":"57","x":1,"y":24},{"id":"57","x":1,"y":25},{"id":"57","x":1,"y":26},{"id":"57","x":1,"y":27},{"id":"57","x":1,"y":28},{"id":"57","x":1,"y":29},{"id":"57","x":1,"y":30},{"id":"57","x":1,"y":31},{"id":"57","x":1,"y":32},{"id":"57","x":1,"y":33},{"id":"57","x":1,"y":34},{"id":"57","x":1,"y":35},{"id":"57","x":1,"y":36},{"id":"57","x":1,"y":37},{"id":"57","x":1,"y":38},{"id":"57","x":1,"y":39},{"id":"57","x":1,"y":40},{"id":"57","x":1,"y":41},{"id":"57","x":1,"y":42},{"id":"57","x":1,"y":43},{"id":"57","x":1,"y":44},{"id":"57","x":1,"y":45},{"id":"57","x":1,"y":46},{"id":"58","x":2,"y":44},{"id":"59","x":3,"y":44},{"id":"60","x":4,"y":44},{"id":"61","x":2,"y":45},{"id":"62","x":3,"y":45},{"id":"63","x":4,"y":45},{"id":"64","x":2,"y":46},{"id":"65","x":3,"y":46},{"id":"66","x":4,"y":46},{"id":"58","x":2,"y":41},{"id":"59","x":3,"y":41},{"id":"60","x":4,"y":41},{"id":"61","x":2,"y":42},{"id":"62","x":3,"y":42},{"id":"63","x":4,"y":42},{"id":"64","x":2,"y":43},{"id":"65","x":3,"y":43},{"id":"66","x":4,"y":43},{"id":"58","x":2,"y":38},{"id":"59","x":3,"y":38},{"id":"60","x":4,"y":38},{"id":"61","x":2,"y":39},{"id":"62","x":3,"y":39},{"id":"63","x":4,"y":39},{"id":"64","x":2,"y":40},{"id":"65","x":3,"y":40},{"id":"66","x":4,"y":40},{"id":"58","x":2,"y":35},{"id":"59","x":3,"y":35},{"id":"60","x":4,"y":35},{"id":"61","x":2,"y":36},{"id":"62","x":3,"y":36},{"id":"63","x":4,"y":36},{"id":"64","x":2,"y":37},{"id":"65","x":3,"y":37},{"id":"66","x":4,"y":37},{"id":"58","x":2,"y":32},{"id":"59","x":3,"y":32},{"id":"60","x":4,"y":32},{"id":"61","x":2,"y":33},{"id":"62","x":3,"y":33},{"id":"63","x":4,"y":33},{"id":"64","x":2,"y":34},{"id":"65","x":3,"y":34},{"id":"66","x":4,"y":34},{"id":"58","x":2,"y":29},{"id":"59","x":3,"y":29},{"id":"60","x":4,"y":29},{"id":"61","x":2,"y":30},{"id":"62","x":3,"y":30},{"id":"63","x":4,"y":30},{"id":"64","x":2,"y":31},{"id":"65","x":3,"y":31},{"id":"66","x":4,"y":31},{"id":"58","x":2,"y":26},{"id":"59","x":3,"y":26},{"id":"60","x":4,"y":26},{"id":"61","x":2,"y":27},{"id":"62","x":3,"y":27},{"id":"63","x":4,"y":27},{"id":"64","x":2,"y":28},{"id":"65","x":3,"y":28},{"id":"66","x":4,"y":28},{"id":"58","x":2,"y":23},{"id":"59","x":3,"y":23},{"id":"60","x":4,"y":23},{"id":"61","x":2,"y":24},{"id":"62","x":3,"y":24},{"id":"63","x":4,"y":24},{"id":"64","x":2,"y":25},{"id":"65","x":3,"y":25},{"id":"66","x":4,"y":25},{"id":"58","x":2,"y":20},{"id":"59","x":3,"y":20},{"id":"60","x":4,"y":20},{"id":"61","x":2,"y":21},{"id":"62","x":3,"y":21},{"id":"63","x":4,"y":21},{"id":"64","x":2,"y":22},{"id":"65","x":3,"y":22},{"id":"66","x":4,"y":22},{"id":"67","x":5,"y":44},{"id":"59","x":6,"y":44},{"id":"60","x":7,"y":44},{"id":"68","x":5,"y":45},{"id":"62","x":6,"y":45},{"id":"63","x":7,"y":45},{"id":"69","x":5,"y":46},{"id":"65","x":6,"y":46},{"id":"66","x":7,"y":46},{"id":"67","x":8,"y":44},{"id":"59","x":9,"y":44},{"id":"60","x":10,"y":44},{"id":"68","x":8,"y":45},{"id":"62","x":9,"y":45},{"id":"63","x":10,"y":45},{"id":"69","x":8,"y":46},{"id":"65","x":9,"y":46},{"id":"66","x":10,"y":46},{"id":"67","x":11,"y":44},{"id":"59","x":12,"y":44},{"id":"60","x":13,"y":44},{"id":"68","x":11,"y":45},{"id":"62","x":12,"y":45},{"id":"63","x":13,"y":45},{"id":"69","x":11,"y":46},{"id":"65","x":12,"y":46},{"id":"66","x":13,"y":46},{"id":"67","x":14,"y":44},{"id":"59","x":15,"y":44},{"id":"60","x":16,"y":44},{"id":"68","x":14,"y":45},{"id":"62","x":15,"y":45},{"id":"63","x":16,"y":45},{"id":"69","x":14,"y":46},{"id":"65","x":15,"y":46},{"id":"66","x":16,"y":46},{"id":"67","x":17,"y":44},{"id":"59","x":18,"y":44},{"id":"60","x":19,"y":44},{"id":"68","x":17,"y":45},{"id":"62","x":18,"y":45},{"id":"63","x":19,"y":45},{"id":"69","x":17,"y":46},{"id":"65","x":18,"y":46},{"id":"66","x":19,"y":46},{"id":"67","x":20,"y":44},{"id":"59","x":21,"y":44},{"id":"60","x":22,"y":44},{"id":"68","x":20,"y":45},{"id":"62","x":21,"y":45},{"id":"63","x":22,"y":45},{"id":"69","x":20,"y":46},{"id":"65","x":21,"y":46},{"id":"66","x":22,"y":46},{"id":"67","x":23,"y":44},{"id":"59","x":24,"y":44},{"id":"60","x":25,"y":44},{"id":"68","x":23,"y":45},{"id":"62","x":24,"y":45},{"id":"63","x":25,"y":45},{"id":"69","x":23,"y":46},{"id":"65","x":24,"y":46},{"id":"66","x":25,"y":46},{"id":"67","x":26,"y":44},{"id":"59","x":27,"y":44},{"id":"60","x":28,"y":44},{"id":"68","x":26,"y":45},{"id":"62","x":27,"y":45},{"id":"63","x":28,"y":45},{"id":"69","x":26,"y":46},{"id":"65","x":27,"y":46},{"id":"66","x":28,"y":46},{"id":"67","x":29,"y":44},{"id":"59","x":30,"y":44},{"id":"60","x":31,"y":44},{"id":"68","x":29,"y":45},{"id":"62","x":30,"y":45},{"id":"63","x":31,"y":45},{"id":"69","x":29,"y":46},{"id":"65","x":30,"y":46},{"id":"66","x":31,"y":46},{"id":"67","x":32,"y":44},{"id":"59","x":33,"y":44},{"id":"60","x":34,"y":44},{"id":"68","x":32,"y":45},{"id":"62","x":33,"y":45},{"id":"63","x":34,"y":45},{"id":"69","x":32,"y":46},{"id":"65","x":33,"y":46},{"id":"66","x":34,"y":46},{"id":"67","x":35,"y":44},{"id":"59","x":36,"y":44},{"id":"60","x":37,"y":44},{"id":"68","x":35,"y":45},{"id":"62","x":36,"y":45},{"id":"63","x":37,"y":45},{"id":"69","x":35,"y":46},{"id":"65","x":36,"y":46},{"id":"66","x":37,"y":46},{"id":"67","x":5,"y":41},{"id":"59","x":6,"y":41},{"id":"60","x":7,"y":41},{"id":"68","x":5,"y":42},{"id":"62","x":6,"y":42},{"id":"63","x":7,"y":42},{"id":"69","x":5,"y":43},{"id":"65","x":6,"y":43},{"id":"66","x":7,"y":43},{"id":"67","x":8,"y":41},{"id":"59","x":9,"y":41},{"id":"60","x":10,"y":41},{"id":"68","x":8,"y":42},{"id":"62","x":9,"y":42},{"id":"63","x":10,"y":42},{"id":"69","x":8,"y":43},{"id":"65","x":9,"y":43},{"id":"66","x":10,"y":43},{"id":"67","x":11,"y":41},{"id":"59","x":12,"y":41},{"id":"60","x":13,"y":41},{"id":"68","x":11,"y":42},{"id":"62","x":12,"y":42},{"id":"63","x":13,"y":42},{"id":"69","x":11,"y":43},{"id":"65","x":12,"y":43},{"id":"66","x":13,"y":43},{"id":"67","x":14,"y":41},{"id":"59","x":15,"y":41},{"id":"60","x":16,"y":41},{"id":"68","x":14,"y":42},{"id":"62","x":15,"y":42},{"id":"63","x":16,"y":42},{"id":"69","x":14,"y":43},{"id":"65","x":15,"y":43},{"id":"66","x":16,"y":43},{"id":"67","x":17,"y":41},{"id":"59","x":18,"y":41},{"id":"60","x":19,"y":41},{"id":"68","x":17,"y":42},{"id":"62","x":18,"y":42},{"id":"63","x":19,"y":42},{"id":"69","x":17,"y":43},{"id":"65","x":18,"y":43},{"id":"66","x":19,"y":43},{"id":"67","x":20,"y":41},{"id":"59","x":21,"y":41},{"id":"60","x":22,"y":41},{"id":"68","x":20,"y":42},{"id":"62","x":21,"y":42},{"id":"63","x":22,"y":42},{"id":"69","x":20,"y":43},{"id":"65","x":21,"y":43},{"id":"66","x":22,"y":43},{"id":"67","x":23,"y":41},{"id":"59","x":24,"y":41},{"id":"60","x":25,"y":41},{"id":"68","x":23,"y":42},{"id":"62","x":24,"y":42},{"id":"63","x":25,"y":42},{"id":"69","x":23,"y":43},{"id":"65","x":24,"y":43},{"id":"66","x":25,"y":43},{"id":"67","x":26,"y":41},{"id":"59","x":27,"y":41},{"id":"60","x":28,"y":41},{"id":"68","x":26,"y":42},{"id":"62","x":27,"y":42},{"id":"63","x":28,"y":42},{"id":"69","x":26,"y":43},{"id":"65","x":27,"y":43},{"id":"66","x":28,"y":43},{"id":"67","x":29,"y":41},{"id":"59","x":30,"y":41},{"id":"60","x":31,"y":41},{"id":"68","x":29,"y":42},{"id":"62","x":30,"y":42},{"id":"63","x":31,"y":42},{"id":"69","x":29,"y":43},{"id":"65","x":30,"y":43},{"id":"66","x":31,"y":43},{"id":"67","x":32,"y":41},{"id":"59","x":33,"y":41},{"id":"60","x":34,"y":41},{"id":"68","x":32,"y":42},{"id":"62","x":33,"y":42},{"id":"63","x":34,"y":42},{"id":"69","x":32,"y":43},{"id":"65","x":33,"y":43},{"id":"66","x":34,"y":43},{"id":"67","x":35,"y":41},{"id":"59","x":36,"y":41},{"id":"60","x":37,"y":41},{"id":"68","x":35,"y":42},{"id":"62","x":36,"y":42},{"id":"63","x":37,"y":42},{"id":"69","x":35,"y":43},{"id":"65","x":36,"y":43},{"id":"66","x":37,"y":43},{"id":"67","x":5,"y":38},{"id":"59","x":6,"y":38},{"id":"60","x":7,"y":38},{"id":"68","x":5,"y":39},{"id":"62","x":6,"y":39},{"id":"63","x":7,"y":39},{"id":"69","x":5,"y":40},{"id":"65","x":6,"y":40},{"id":"66","x":7,"y":40},{"id":"67","x":8,"y":38},{"id":"59","x":9,"y":38},{"id":"60","x":10,"y":38},{"id":"68","x":8,"y":39},{"id":"62","x":9,"y":39},{"id":"63","x":10,"y":39},{"id":"69","x":8,"y":40},{"id":"65","x":9,"y":40},{"id":"66","x":10,"y":40},{"id":"67","x":11,"y":38},{"id":"59","x":12,"y":38},{"id":"60","x":13,"y":38},{"id":"68","x":11,"y":39},{"id":"62","x":12,"y":39},{"id":"63","x":13,"y":39},{"id":"69","x":11,"y":40},{"id":"65","x":12,"y":40},{"id":"66","x":13,"y":40},{"id":"67","x":14,"y":38},{"id":"59","x":15,"y":38},{"id":"60","x":16,"y":38},{"id":"68","x":14,"y":39},{"id":"62","x":15,"y":39},{"id":"63","x":16,"y":39},{"id":"69","x":14,"y":40},{"id":"65","x":15,"y":40},{"id":"66","x":16,"y":40},{"id":"67","x":17,"y":38},{"id":"59","x":18,"y":38},{"id":"60","x":19,"y":38},{"id":"68","x":17,"y":39},{"id":"62","x":18,"y":39},{"id":"63","x":19,"y":39},{"id":"69","x":17,"y":40},{"id":"65","x":18,"y":40},{"id":"66","x":19,"y":40},{"id":"67","x":20,"y":38},{"id":"59","x":21,"y":38},{"id":"60","x":22,"y":38},{"id":"68","x":20,"y":39},{"id":"62","x":21,"y":39},{"id":"63","x":22,"y":39},{"id":"69","x":20,"y":40},{"id":"65","x":21,"y":40},{"id":"66","x":22,"y":40},{"id":"67","x":23,"y":38},{"id":"59","x":24,"y":38},{"id":"60","x":25,"y":38},{"id":"68","x":23,"y":39},{"id":"62","x":24,"y":39},{"id":"63","x":25,"y":39},{"id":"69","x":23,"y":40},{"id":"65","x":24,"y":40},{"id":"66","x":25,"y":40},{"id":"67","x":26,"y":38},{"id":"59","x":27,"y":38},{"id":"60","x":28,"y":38},{"id":"68","x":26,"y":39},{"id":"62","x":27,"y":39},{"id":"63","x":28,"y":39},{"id":"69","x":26,"y":40},{"id":"65","x":27,"y":40},{"id":"66","x":28,"y":40},{"id":"67","x":29,"y":38},{"id":"59","x":30,"y":38},{"id":"60","x":31,"y":38},{"id":"68","x":29,"y":39},{"id":"62","x":30,"y":39},{"id":"63","x":31,"y":39},{"id":"69","x":29,"y":40},{"id":"65","x":30,"y":40},{"id":"66","x":31,"y":40},{"id":"67","x":32,"y":38},{"id":"59","x":33,"y":38},{"id":"60","x":34,"y":38},{"id":"68","x":32,"y":39},{"id":"62","x":33,"y":39},{"id":"63","x":34,"y":39},{"id":"69","x":32,"y":40},{"id":"65","x":33,"y":40},{"id":"66","x":34,"y":40},{"id":"67","x":5,"y":35},{"id":"59","x":6,"y":35},{"id":"60","x":7,"y":35},{"id":"68","x":5,"y":36},{"id":"62","x":6,"y":36},{"id":"63","x":7,"y":36},{"id":"69","x":5,"y":37},{"id":"65","x":6,"y":37},{"id":"66","x":7,"y":37},{"id":"67","x":8,"y":35},{"id":"59","x":9,"y":35},{"id":"60","x":10,"y":35},{"id":"68","x":8,"y":36},{"id":"62","x":9,"y":36},{"id":"63","x":10,"y":36},{"id":"69","x":8,"y":37},{"id":"65","x":9,"y":37},{"id":"66","x":10,"y":37},{"id":"67","x":11,"y":35},{"id":"59","x":12,"y":35},{"id":"60","x":13,"y":35},{"id":"68","x":11,"y":36},{"id":"62","x":12,"y":36},{"id":"63","x":13,"y":36},{"id":"69","x":11,"y":37},{"id":"65","x":12,"y":37},{"id":"66","x":13,"y":37},{"id":"67","x":14,"y":35},{"id":"59","x":15,"y":35},{"id":"60","x":16,"y":35},{"id":"68","x":14,"y":36},{"id":"62","x":15,"y":36},{"id":"63","x":16,"y":36},{"id":"69","x":14,"y":37},{"id":"65","x":15,"y":37},{"id":"66","x":16,"y":37},{"id":"67","x":17,"y":35},{"id":"59","x":18,"y":35},{"id":"60","x":19,"y":35},{"id":"68","x":17,"y":36},{"id":"62","x":18,"y":36},{"id":"63","x":19,"y":36},{"id":"69","x":17,"y":37},{"id":"65","x":18,"y":37},{"id":"66","x":19,"y":37},{"id":"67","x":20,"y":35},{"id":"59","x":21,"y":35},{"id":"60","x":22,"y":35},{"id":"68","x":20,"y":36},{"id":"62","x":21,"y":36},{"id":"63","x":22,"y":36},{"id":"69","x":20,"y":37},{"id":"65","x":21,"y":37},{"id":"66","x":22,"y":37},{"id":"67","x":23,"y":35},{"id":"59","x":24,"y":35},{"id":"60","x":25,"y":35},{"id":"68","x":23,"y":36},{"id":"62","x":24,"y":36},{"id":"63","x":25,"y":36},{"id":"69","x":23,"y":37},{"id":"65","x":24,"y":37},{"id":"66","x":25,"y":37},{"id":"67","x":26,"y":35},{"id":"59","x":27,"y":35},{"id":"60","x":28,"y":35},{"id":"68","x":26,"y":36},{"id":"62","x":27,"y":36},{"id":"63","x":28,"y":36},{"id":"69","x":26,"y":37},{"id":"65","x":27,"y":37},{"id":"66","x":28,"y":37},{"id":"67","x":29,"y":35},{"id":"59","x":30,"y":35},{"id":"60","x":31,"y":35},{"id":"68","x":29,"y":36},{"id":"62","x":30,"y":36},{"id":"63","x":31,"y":36},{"id":"69","x":29,"y":37},{"id":"65","x":30,"y":37},{"id":"66","x":31,"y":37},{"id":"67","x":32,"y":35},{"id":"59","x":33,"y":35},{"id":"60","x":34,"y":35},{"id":"68","x":32,"y":36},{"id":"62","x":33,"y":36},{"id":"63","x":34,"y":36},{"id":"69","x":32,"y":37},{"id":"65","x":33,"y":37},{"id":"66","x":34,"y":37},{"id":"67","x":5,"y":32},{"id":"59","x":6,"y":32},{"id":"60","x":7,"y":32},{"id":"68","x":5,"y":33},{"id":"62","x":6,"y":33},{"id":"63","x":7,"y":33},{"id":"69","x":5,"y":34},{"id":"65","x":6,"y":34},{"id":"66","x":7,"y":34},{"id":"67","x":8,"y":32},{"id":"59","x":9,"y":32},{"id":"60","x":10,"y":32},{"id":"68","x":8,"y":33},{"id":"62","x":9,"y":33},{"id":"63","x":10,"y":33},{"id":"69","x":8,"y":34},{"id":"65","x":9,"y":34},{"id":"66","x":10,"y":34},{"id":"67","x":11,"y":32},{"id":"59","x":12,"y":32},{"id":"60","x":13,"y":32},{"id":"68","x":11,"y":33},{"id":"62","x":12,"y":33},{"id":"63","x":13,"y":33},{"id":"69","x":11,"y":34},{"id":"65","x":12,"y":34},{"id":"66","x":13,"y":34},{"id":"67","x":14,"y":32},{"id":"59","x":15,"y":32},{"id":"60","x":16,"y":32},{"id":"68","x":14,"y":33},{"id":"62","x":15,"y":33},{"id":"63","x":16,"y":33},{"id":"69","x":14,"y":34},{"id":"65","x":15,"y":34},{"id":"66","x":16,"y":34},{"id":"67","x":17,"y":32},{"id":"59","x":18,"y":32},{"id":"60","x":19,"y":32},{"id":"68","x":17,"y":33},{"id":"62","x":18,"y":33},{"id":"63","x":19,"y":33},{"id":"69","x":17,"y":34},{"id":"65","x":18,"y":34},{"id":"66","x":19,"y":34},{"id":"67","x":20,"y":32},{"id":"59","x":21,"y":32},{"id":"60","x":22,"y":32},{"id":"68","x":20,"y":33},{"id":"62","x":21,"y":33},{"id":"63","x":22,"y":33},{"id":"69","x":20,"y":34},{"id":"65","x":21,"y":34},{"id":"66","x":22,"y":34},{"id":"67","x":23,"y":32},{"id":"59","x":24,"y":32},{"id":"60","x":25,"y":32},{"id":"68","x":23,"y":33},{"id":"62","x":24,"y":33},{"id":"63","x":25,"y":33},{"id":"69","x":23,"y":34},{"id":"65","x":24,"y":34},{"id":"66","x":25,"y":34},{"id":"67","x":26,"y":32},{"id":"59","x":27,"y":32},{"id":"60","x":28,"y":32},{"id":"68","x":26,"y":33},{"id":"62","x":27,"y":33},{"id":"63","x":28,"y":33},{"id":"69","x":26,"y":34},{"id":"65","x":27,"y":34},{"id":"66","x":28,"y":34},{"id":"67","x":29,"y":32},{"id":"59","x":30,"y":32},{"id":"60","x":31,"y":32},{"id":"68","x":29,"y":33},{"id":"62","x":30,"y":33},{"id":"63","x":31,"y":33},{"id":"69","x":29,"y":34},{"id":"65","x":30,"y":34},{"id":"66","x":31,"y":34},{"id":"67","x":32,"y":32},{"id":"59","x":33,"y":32},{"id":"60","x":34,"y":32},{"id":"68","x":32,"y":33},{"id":"62","x":33,"y":33},{"id":"63","x":34,"y":33},{"id":"69","x":32,"y":34},{"id":"65","x":33,"y":34},{"id":"66","x":34,"y":34},{"id":"67","x":35,"y":32},{"id":"59","x":36,"y":32},{"id":"60","x":37,"y":32},{"id":"68","x":35,"y":33},{"id":"62","x":36,"y":33},{"id":"63","x":37,"y":33},{"id":"69","x":35,"y":34},{"id":"65","x":36,"y":34},{"id":"66","x":37,"y":34},{"id":"67","x":35,"y":35},{"id":"59","x":36,"y":35},{"id":"60","x":37,"y":35},{"id":"68","x":35,"y":36},{"id":"62","x":36,"y":36},{"id":"63","x":37,"y":36},{"id":"69","x":35,"y":37},{"id":"65","x":36,"y":37},{"id":"66","x":37,"y":37},{"id":"67","x":35,"y":38},{"id":"59","x":36,"y":38},{"id":"60","x":37,"y":38},{"id":"68","x":35,"y":39},{"id":"62","x":36,"y":39},{"id":"63","x":37,"y":39},{"id":"69","x":35,"y":40},{"id":"65","x":36,"y":40},{"id":"66","x":37,"y":40},{"id":"67","x":5,"y":29},{"id":"59","x":6,"y":29},{"id":"60","x":7,"y":29},{"id":"68","x":5,"y":30},{"id":"62","x":6,"y":30},{"id":"63","x":7,"y":30},{"id":"69","x":5,"y":31},{"id":"65","x":6,"y":31},{"id":"66","x":7,"y":31},{"id":"67","x":8,"y":29},{"id":"59","x":9,"y":29},{"id":"60","x":10,"y":29},{"id":"68","x":8,"y":30},{"id":"62","x":9,"y":30},{"id":"63","x":10,"y":30},{"id":"69","x":8,"y":31},{"id":"65","x":9,"y":31},{"id":"66","x":10,"y":31},{"id":"67","x":11,"y":29},{"id":"59","x":12,"y":29},{"id":"60","x":13,"y":29},{"id":"68","x":11,"y":30},{"id":"62","x":12,"y":30},{"id":"63","x":13,"y":30},{"id":"69","x":11,"y":31},{"id":"65","x":12,"y":31},{"id":"66","x":13,"y":31},{"id":"67","x":14,"y":29},{"id":"59","x":15,"y":29},{"id":"60","x":16,"y":29},{"id":"68","x":14,"y":30},{"id":"62","x":15,"y":30},{"id":"63","x":16,"y":30},{"id":"69","x":14,"y":31},{"id":"65","x":15,"y":31},{"id":"66","x":16,"y":31},{"id":"67","x":17,"y":29},{"id":"59","x":18,"y":29},{"id":"60","x":19,"y":29},{"id":"68","x":17,"y":30},{"id":"62","x":18,"y":30},{"id":"63","x":19,"y":30},{"id":"69","x":17,"y":31},{"id":"65","x":18,"y":31},{"id":"66","x":19,"y":31},{"id":"67","x":20,"y":29},{"id":"59","x":21,"y":29},{"id":"60","x":22,"y":29},{"id":"68","x":20,"y":30},{"id":"62","x":21,"y":30},{"id":"63","x":22,"y":30},{"id":"69","x":20,"y":31},{"id":"65","x":21,"y":31},{"id":"66","x":22,"y":31},{"id":"67","x":23,"y":29},{"id":"59","x":24,"y":29},{"id":"60","x":25,"y":29},{"id":"68","x":23,"y":30},{"id":"62","x":24,"y":30},{"id":"63","x":25,"y":30},{"id":"69","x":23,"y":31},{"id":"65","x":24,"y":31},{"id":"66","x":25,"y":31},{"id":"67","x":26,"y":29},{"id":"59","x":27,"y":29},{"id":"60","x":28,"y":29},{"id":"68","x":26,"y":30},{"id":"62","x":27,"y":30},{"id":"63","x":28,"y":30},{"id":"69","x":26,"y":31},{"id":"65","x":27,"y":31},{"id":"66","x":28,"y":31},{"id":"67","x":29,"y":29},{"id":"59","x":30,"y":29},{"id":"60","x":31,"y":29},{"id":"68","x":29,"y":30},{"id":"62","x":30,"y":30},{"id":"63","x":31,"y":30},{"id":"69","x":29,"y":31},{"id":"65","x":30,"y":31},{"id":"66","x":31,"y":31},{"id":"67","x":32,"y":29},{"id":"59","x":33,"y":29},{"id":"60","x":34,"y":29},{"id":"68","x":32,"y":30},{"id":"62","x":33,"y":30},{"id":"63","x":34,"y":30},{"id":"69","x":32,"y":31},{"id":"65","x":33,"y":31},{"id":"66","x":34,"y":31},{"id":"67","x":35,"y":29},{"id":"59","x":36,"y":29},{"id":"68","x":35,"y":30},{"id":"62","x":36,"y":30},{"id":"69","x":35,"y":31},{"id":"65","x":36,"y":31},{"id":"66","x":37,"y":31},{"id":"67","x":5,"y":26},{"id":"59","x":6,"y":26},{"id":"60","x":7,"y":26},{"id":"68","x":5,"y":27},{"id":"62","x":6,"y":27},{"id":"63","x":7,"y":27},{"id":"69","x":5,"y":28},{"id":"65","x":6,"y":28},{"id":"66","x":7,"y":28},{"id":"67","x":8,"y":26},{"id":"59","x":9,"y":26},{"id":"60","x":10,"y":26},{"id":"68","x":8,"y":27},{"id":"62","x":9,"y":27},{"id":"63","x":10,"y":27},{"id":"69","x":8,"y":28},{"id":"65","x":9,"y":28},{"id":"66","x":10,"y":28},{"id":"67","x":11,"y":26},{"id":"59","x":12,"y":26},{"id":"60","x":13,"y":26},{"id":"68","x":11,"y":27},{"id":"62","x":12,"y":27},{"id":"63","x":13,"y":27},{"id":"69","x":11,"y":28},{"id":"65","x":12,"y":28},{"id":"66","x":13,"y":28},{"id":"67","x":14,"y":26},{"id":"59","x":15,"y":26},{"id":"60","x":16,"y":26},{"id":"68","x":14,"y":27},{"id":"62","x":15,"y":27},{"id":"63","x":16,"y":27},{"id":"69","x":14,"y":28},{"id":"65","x":15,"y":28},{"id":"66","x":16,"y":28},{"id":"67","x":17,"y":26},{"id":"59","x":18,"y":26},{"id":"60","x":19,"y":26},{"id":"68","x":17,"y":27},{"id":"62","x":18,"y":27},{"id":"63","x":19,"y":27},{"id":"69","x":17,"y":28},{"id":"65","x":18,"y":28},{"id":"66","x":19,"y":28},{"id":"67","x":20,"y":26},{"id":"59","x":21,"y":26},{"id":"60","x":22,"y":26},{"id":"68","x":20,"y":27},{"id":"62","x":21,"y":27},{"id":"63","x":22,"y":27},{"id":"69","x":20,"y":28},{"id":"65","x":21,"y":28},{"id":"66","x":22,"y":28},{"id":"67","x":23,"y":26},{"id":"59","x":24,"y":26},{"id":"60","x":25,"y":26},{"id":"68","x":23,"y":27},{"id":"62","x":24,"y":27},{"id":"63","x":25,"y":27},{"id":"69","x":23,"y":28},{"id":"65","x":24,"y":28},{"id":"66","x":25,"y":28},{"id":"67","x":26,"y":26},{"id":"59","x":27,"y":26},{"id":"60","x":28,"y":26},{"id":"68","x":26,"y":27},{"id":"62","x":27,"y":27},{"id":"63","x":28,"y":27},{"id":"69","x":26,"y":28},{"id":"65","x":27,"y":28},{"id":"66","x":28,"y":28},{"id":"67","x":29,"y":26},{"id":"59","x":30,"y":26},{"id":"60","x":31,"y":26},{"id":"68","x":29,"y":27},{"id":"62","x":30,"y":27},{"id":"63","x":31,"y":27},{"id":"69","x":29,"y":28},{"id":"65","x":30,"y":28},{"id":"66","x":31,"y":28},{"id":"67","x":32,"y":26},{"id":"59","x":33,"y":26},{"id":"60","x":34,"y":26},{"id":"68","x":32,"y":27},{"id":"62","x":33,"y":27},{"id":"63","x":34,"y":27},{"id":"69","x":32,"y":28},{"id":"65","x":33,"y":28},{"id":"66","x":34,"y":28},{"id":"67","x":35,"y":26},{"id":"59","x":36,"y":26},{"id":"60","x":37,"y":26},{"id":"68","x":35,"y":27},{"id":"62","x":36,"y":27},{"id":"63","x":37,"y":27},{"id":"69","x":35,"y":28},{"id":"65","x":36,"y":28},{"id":"67","x":5,"y":23},{"id":"59","x":6,"y":23},{"id":"60","x":7,"y":23},{"id":"68","x":5,"y":24},{"id":"62","x":6,"y":24},{"id":"63","x":7,"y":24},{"id":"69","x":5,"y":25},{"id":"65","x":6,"y":25},{"id":"66","x":7,"y":25},{"id":"67","x":8,"y":23},{"id":"59","x":9,"y":23},{"id":"60","x":10,"y":23},{"id":"68","x":8,"y":24},{"id":"62","x":9,"y":24},{"id":"63","x":10,"y":24},{"id":"69","x":8,"y":25},{"id":"65","x":9,"y":25},{"id":"66","x":10,"y":25},{"id":"67","x":11,"y":23},{"id":"59","x":12,"y":23},{"id":"60","x":13,"y":23},{"id":"68","x":11,"y":24},{"id":"62","x":12,"y":24},{"id":"63","x":13,"y":24},{"id":"69","x":11,"y":25},{"id":"65","x":12,"y":25},{"id":"66","x":13,"y":25},{"id":"67","x":14,"y":23},{"id":"59","x":15,"y":23},{"id":"60","x":16,"y":23},{"id":"68","x":14,"y":24},{"id":"62","x":15,"y":24},{"id":"63","x":16,"y":24},{"id":"69","x":14,"y":25},{"id":"65","x":15,"y":25},{"id":"66","x":16,"y":25},{"id":"67","x":17,"y":23},{"id":"59","x":18,"y":23},{"id":"60","x":19,"y":23},{"id":"68","x":17,"y":24},{"id":"62","x":18,"y":24},{"id":"63","x":19,"y":24},{"id":"69","x":17,"y":25},{"id":"65","x":18,"y":25},{"id":"66","x":19,"y":25},{"id":"67","x":20,"y":23},{"id":"59","x":21,"y":23},{"id":"60","x":22,"y":23},{"id":"68","x":20,"y":24},{"id":"62","x":21,"y":24},{"id":"63","x":22,"y":24},{"id":"69","x":20,"y":25},{"id":"65","x":21,"y":25},{"id":"66","x":22,"y":25},{"id":"67","x":23,"y":23},{"id":"59","x":24,"y":23},{"id":"60","x":25,"y":23},{"id":"68","x":23,"y":24},{"id":"62","x":24,"y":24},{"id":"63","x":25,"y":24},{"id":"69","x":23,"y":25},{"id":"65","x":24,"y":25},{"id":"66","x":25,"y":25},{"id":"67","x":26,"y":23},{"id":"59","x":27,"y":23},{"id":"60","x":28,"y":23},{"id":"68","x":26,"y":24},{"id":"62","x":27,"y":24},{"id":"63","x":28,"y":24},{"id":"69","x":26,"y":25},{"id":"65","x":27,"y":25},{"id":"66","x":28,"y":25},{"id":"67","x":29,"y":23},{"id":"59","x":30,"y":23},{"id":"60","x":31,"y":23},{"id":"68","x":29,"y":24},{"id":"62","x":30,"y":24},{"id":"63","x":31,"y":24},{"id":"69","x":29,"y":25},{"id":"65","x":30,"y":25},{"id":"66","x":31,"y":25},{"id":"67","x":32,"y":23},{"id":"59","x":33,"y":23},{"id":"60","x":34,"y":23},{"id":"68","x":32,"y":24},{"id":"62","x":33,"y":24},{"id":"63","x":34,"y":24},{"id":"69","x":32,"y":25},{"id":"65","x":33,"y":25},{"id":"66","x":34,"y":25},{"id":"67","x":35,"y":23},{"id":"59","x":36,"y":23},{"id":"60","x":37,"y":23},{"id":"68","x":35,"y":24},{"id":"62","x":36,"y":24},{"id":"63","x":37,"y":24},{"id":"69","x":35,"y":25},{"id":"65","x":36,"y":25},{"id":"66","x":37,"y":25},{"id":"67","x":5,"y":20},{"id":"59","x":6,"y":20},{"id":"60","x":7,"y":20},{"id":"68","x":5,"y":21},{"id":"62","x":6,"y":21},{"id":"63","x":7,"y":21},{"id":"69","x":5,"y":22},{"id":"65","x":6,"y":22},{"id":"66","x":7,"y":22},{"id":"67","x":8,"y":20},{"id":"59","x":9,"y":20},{"id":"60","x":10,"y":20},{"id":"68","x":8,"y":21},{"id":"62","x":9,"y":21},{"id":"63","x":10,"y":21},{"id":"69","x":8,"y":22},{"id":"65","x":9,"y":22},{"id":"66","x":10,"y":22},{"id":"67","x":11,"y":20},{"id":"59","x":12,"y":20},{"id":"60","x":13,"y":20},{"id":"68","x":11,"y":21},{"id":"62","x":12,"y":21},{"id":"63","x":13,"y":21},{"id":"69","x":11,"y":22},{"id":"65","x":12,"y":22},{"id":"66","x":13,"y":22},{"id":"67","x":14,"y":20},{"id":"59","x":15,"y":20},{"id":"60","x":16,"y":20},{"id":"68","x":14,"y":21},{"id":"62","x":15,"y":21},{"id":"63","x":16,"y":21},{"id":"69","x":14,"y":22},{"id":"65","x":15,"y":22},{"id":"66","x":16,"y":22},{"id":"67","x":17,"y":20},{"id":"59","x":18,"y":20},{"id":"60","x":19,"y":20},{"id":"68","x":17,"y":21},{"id":"62","x":18,"y":21},{"id":"63","x":19,"y":21},{"id":"69","x":17,"y":22},{"id":"65","x":18,"y":22},{"id":"66","x":19,"y":22},{"id":"67","x":20,"y":20},{"id":"59","x":21,"y":20},{"id":"60","x":22,"y":20},{"id":"68","x":20,"y":21},{"id":"62","x":21,"y":21},{"id":"63","x":22,"y":21},{"id":"69","x":20,"y":22},{"id":"65","x":21,"y":22},{"id":"66","x":22,"y":22},{"id":"67","x":23,"y":20},{"id":"59","x":24,"y":20},{"id":"60","x":25,"y":20},{"id":"68","x":23,"y":21},{"id":"62","x":24,"y":21},{"id":"63","x":25,"y":21},{"id":"69","x":23,"y":22},{"id":"65","x":24,"y":22},{"id":"66","x":25,"y":22},{"id":"67","x":26,"y":20},{"id":"59","x":27,"y":20},{"id":"60","x":28,"y":20},{"id":"68","x":26,"y":21},{"id":"62","x":27,"y":21},{"id":"63","x":28,"y":21},{"id":"69","x":26,"y":22},{"id":"65","x":27,"y":22},{"id":"66","x":28,"y":22},{"id":"67","x":29,"y":20},{"id":"59","x":30,"y":20},{"id":"60","x":31,"y":20},{"id":"68","x":29,"y":21},{"id":"62","x":30,"y":21},{"id":"63","x":31,"y":21},{"id":"69","x":29,"y":22},{"id":"65","x":30,"y":22},{"id":"66","x":31,"y":22},{"id":"67","x":32,"y":20},{"id":"59","x":33,"y":20},{"id":"60","x":34,"y":20},{"id":"68","x":32,"y":21},{"id":"62","x":33,"y":21},{"id":"63","x":34,"y":21},{"id":"69","x":32,"y":22},{"id":"65","x":33,"y":22},{"id":"66","x":34,"y":22},{"id":"67","x":35,"y":20},{"id":"59","x":36,"y":20},{"id":"60","x":37,"y":20},{"id":"68","x":35,"y":21},{"id":"62","x":36,"y":21},{"id":"63","x":37,"y":21},{"id":"69","x":35,"y":22},{"id":"65","x":36,"y":22},{"id":"66","x":37,"y":22},{"id":"67","x":26,"y":17},{"id":"59","x":27,"y":17},{"id":"60","x":28,"y":17},{"id":"68","x":26,"y":18},{"id":"62","x":27,"y":18},{"id":"63","x":28,"y":18},{"id":"69","x":26,"y":19},{"id":"65","x":27,"y":19},{"id":"66","x":28,"y":19},{"id":"67","x":23,"y":17},{"id":"59","x":24,"y":17},{"id":"60","x":25,"y":17},{"id":"68","x":23,"y":18},{"id":"62","x":24,"y":18},{"id":"63","x":25,"y":18},{"id":"69","x":23,"y":19},{"id":"65","x":24,"y":19},{"id":"66","x":25,"y":19},{"id":"67","x":20,"y":17},{"id":"59","x":21,"y":17},{"id":"60","x":22,"y":17},{"id":"68","x":20,"y":18},{"id":"62","x":21,"y":18},{"id":"63","x":22,"y":18},{"id":"69","x":20,"y":19},{"id":"65","x":21,"y":19},{"id":"66","x":22,"y":19},{"id":"67","x":17,"y":17},{"id":"59","x":18,"y":17},{"id":"60","x":19,"y":17},{"id":"68","x":17,"y":18},{"id":"62","x":18,"y":18},{"id":"63","x":19,"y":18},{"id":"69","x":17,"y":19},{"id":"65","x":18,"y":19},{"id":"66","x":19,"y":19},{"id":"67","x":14,"y":17},{"id":"59","x":15,"y":17},{"id":"60","x":16,"y":17},{"id":"68","x":14,"y":18},{"id":"62","x":15,"y":18},{"id":"63","x":16,"y":18},{"id":"69","x":14,"y":19},{"id":"65","x":15,"y":19},{"id":"66","x":16,"y":19},{"id":"67","x":11,"y":17},{"id":"59","x":12,"y":17},{"id":"60","x":13,"y":17},{"id":"68","x":11,"y":18},{"id":"62","x":12,"y":18},{"id":"63","x":13,"y":18},{"id":"69","x":11,"y":19},{"id":"65","x":12,"y":19},{"id":"66","x":13,"y":19},{"id":"67","x":8,"y":17},{"id":"59","x":9,"y":17},{"id":"60","x":10,"y":17},{"id":"68","x":8,"y":18},{"id":"62","x":9,"y":18},{"id":"63","x":10,"y":18},{"id":"69","x":8,"y":19},{"id":"65","x":9,"y":19},{"id":"66","x":10,"y":19},{"id":"57","x":1,"y":14},{"id":"57","x":1,"y":15},{"id":"57","x":1,"y":13},{"id":"56","x":0,"y":12},{"id":"56","x":0,"y":13},{"id":"56","x":0,"y":14},{"id":"56","x":0,"y":15},{"id":"54","x":37,"y":47},{"id":"70","x":38,"y":47},{"id":"28","x":39,"y":47},{"id":"23","x":39,"y":46},{"id":"23","x":39,"y":45},{"id":"23","x":39,"y":44},{"id":"23","x":39,"y":43},{"id":"23","x":39,"y":42},{"id":"23","x":39,"y":41},{"id":"23","x":39,"y":40},{"id":"23","x":39,"y":39},{"id":"23","x":39,"y":38},{"id":"23","x":39,"y":37},{"id":"23","x":39,"y":36},{"id":"23","x":39,"y":35},{"id":"23","x":39,"y":34},{"id":"23","x":39,"y":33},{"id":"23","x":39,"y":32},{"id":"23","x":39,"y":31},{"id":"23","x":39,"y":30},{"id":"23","x":39,"y":29},{"id":"23","x":39,"y":28},{"id":"23","x":39,"y":27},{"id":"23","x":39,"y":26},{"id":"23","x":39,"y":25},{"id":"23","x":39,"y":24},{"id":"23","x":39,"y":23},{"id":"23","x":39,"y":22},{"id":"23","x":39,"y":21},{"id":"23","x":39,"y":20},{"id":"23","x":39,"y":19},{"id":"23","x":39,"y":18},{"id":"23","x":39,"y":17},{"id":"23","x":39,"y":16},{"id":"23","x":39,"y":15},{"id":"23","x":39,"y":14},{"id":"23","x":39,"y":13},{"id":"71","x":38,"y":18},{"id":"71","x":38,"y":19},{"id":"71","x":38,"y":20},{"id":"71","x":38,"y":21},{"id":"71","x":38,"y":22},{"id":"71","x":38,"y":23},{"id":"71","x":38,"y":24},{"id":"71","x":38,"y":25},{"id":"71","x":38,"y":26},{"id":"71","x":38,"y":27},{"id":"71","x":38,"y":28},{"id":"63","x":37,"y":30},{"id":"60","x":37,"y":29},{"id":"66","x":37,"y":28},{"id":"71","x":38,"y":29},{"id":"71","x":38,"y":30},{"id":"71","x":38,"y":31},{"id":"71","x":38,"y":32},{"id":"71","x":38,"y":33},{"id":"71","x":38,"y":34},{"id":"71","x":38,"y":35},{"id":"71","x":38,"y":36},{"id":"71","x":38,"y":37},{"id":"71","x":38,"y":38},{"id":"71","x":38,"y":39},{"id":"71","x":38,"y":40},{"id":"71","x":38,"y":41},{"id":"71","x":38,"y":42},{"id":"71","x":38,"y":43},{"id":"71","x":38,"y":44},{"id":"71","x":38,"y":45},{"id":"71","x":38,"y":46},{"id":"72","x":41,"y":0},{"id":"72","x":41,"y":1},{"id":"72","x":41,"y":2},{"id":"72","x":41,"y":3},{"id":"72","x":41,"y":4},{"id":"72","x":41,"y":5},{"id":"72","x":41,"y":6},{"id":"72","x":41,"y":7},{"id":"72","x":41,"y":8},{"id":"72","x":41,"y":9},{"id":"72","x":41,"y":10},{"id":"23","x":39,"y":12},{"id":"58","x":2,"y":14},{"id":"59","x":3,"y":14},{"id":"60","x":4,"y":14},{"id":"61","x":2,"y":15},{"id":"62","x":3,"y":15},{"id":"63","x":4,"y":15},{"id":"64","x":2,"y":16},{"id":"65","x":3,"y":16},{"id":"66","x":4,"y":16},{"id":"67","x":5,"y":14},{"id":"59","x":6,"y":14},{"id":"60","x":7,"y":14},{"id":"68","x":5,"y":15},{"id":"62","x":6,"y":15},{"id":"63","x":7,"y":15},{"id":"69","x":5,"y":16},{"id":"65","x":6,"y":16},{"id":"66","x":7,"y":16},{"id":"67","x":8,"y":14},{"id":"59","x":9,"y":14},{"id":"60","x":10,"y":14},{"id":"68","x":8,"y":15},{"id":"62","x":9,"y":15},{"id":"63","x":10,"y":15},{"id":"69","x":8,"y":16},{"id":"65","x":9,"y":16},{"id":"66","x":10,"y":16},{"id":"67","x":5,"y":17},{"id":"59","x":6,"y":17},{"id":"60","x":7,"y":17},{"id":"68","x":5,"y":18},{"id":"62","x":6,"y":18},{"id":"63","x":7,"y":18},{"id":"69","x":5,"y":19},{"id":"65","x":6,"y":19},{"id":"66","x":7,"y":19},{"id":"67","x":11,"y":14},{"id":"59","x":12,"y":14},{"id":"60","x":13,"y":14},{"id":"68","x":11,"y":15},{"id":"62","x":12,"y":15},{"id":"63","x":13,"y":15},{"id":"69","x":11,"y":16},{"id":"65","x":12,"y":16},{"id":"66","x":13,"y":16},{"id":"67","x":14,"y":14},{"id":"59","x":15,"y":14},{"id":"60","x":16,"y":14},{"id":"68","x":14,"y":15},{"id":"62","x":15,"y":15},{"id":"63","x":16,"y":15},{"id":"69","x":14,"y":16},{"id":"65","x":15,"y":16},{"id":"66","x":16,"y":16},{"id":"67","x":17,"y":14},{"id":"59","x":18,"y":14},{"id":"60","x":19,"y":14},{"id":"68","x":17,"y":15},{"id":"62","x":18,"y":15},{"id":"63","x":19,"y":15},{"id":"69","x":17,"y":16},{"id":"65","x":18,"y":16},{"id":"66","x":19,"y":16},{"id":"67","x":20,"y":14},{"id":"59","x":21,"y":14},{"id":"60","x":22,"y":14},{"id":"68","x":20,"y":15},{"id":"62","x":21,"y":15},{"id":"63","x":22,"y":15},{"id":"69","x":20,"y":16},{"id":"65","x":21,"y":16},{"id":"66","x":22,"y":16},{"id":"67","x":23,"y":14},{"id":"59","x":24,"y":14},{"id":"60","x":25,"y":14},{"id":"68","x":23,"y":15},{"id":"62","x":24,"y":15},{"id":"63","x":25,"y":15},{"id":"69","x":23,"y":16},{"id":"65","x":24,"y":16},{"id":"66","x":25,"y":16},{"id":"67","x":26,"y":14},{"id":"59","x":27,"y":14},{"id":"60","x":28,"y":14},{"id":"68","x":26,"y":15},{"id":"62","x":27,"y":15},{"id":"63","x":28,"y":15},{"id":"69","x":26,"y":16},{"id":"65","x":27,"y":16},{"id":"66","x":28,"y":16},{"id":"69","x":29,"y":16},{"id":"65","x":30,"y":16},{"id":"58","x":2,"y":17},{"id":"59","x":3,"y":17},{"id":"60","x":4,"y":17},{"id":"61","x":2,"y":18},{"id":"62","x":3,"y":18},{"id":"63","x":4,"y":18},{"id":"64","x":2,"y":19},{"id":"65","x":3,"y":19},{"id":"66","x":4,"y":19},{"id":"66","x":37,"y":16},{"id":"65","x":36,"y":16},{"id":"69","x":35,"y":16},{"id":"63","x":37,"y":15},{"id":"62","x":36,"y":15},{"id":"68","x":35,"y":15},{"id":"60","x":37,"y":14},{"id":"59","x":36,"y":14},{"id":"67","x":35,"y":14},{"id":"66","x":34,"y":16},{"id":"65","x":33,"y":16},{"id":"69","x":32,"y":16},{"id":"66","x":31,"y":16},{"id":"71","x":38,"y":17},{"id":"71","x":38,"y":16},{"id":"71","x":38,"y":15},{"id":"67","x":32,"y":17},{"id":"59","x":33,"y":17},{"id":"60","x":34,"y":17},{"id":"68","x":32,"y":18},{"id":"62","x":33,"y":18},{"id":"63","x":34,"y":18},{"id":"69","x":32,"y":19},{"id":"65","x":33,"y":19},{"id":"66","x":34,"y":19},{"id":"67","x":35,"y":17},{"id":"59","x":36,"y":17},{"id":"60","x":37,"y":17},{"id":"68","x":35,"y":18},{"id":"62","x":36,"y":18},{"id":"63","x":37,"y":18},{"id":"69","x":35,"y":19},{"id":"65","x":36,"y":19},{"id":"66","x":37,"y":19},{"id":"67","x":29,"y":17},{"id":"59","x":30,"y":17},{"id":"60","x":31,"y":17},{"id":"68","x":29,"y":18},{"id":"62","x":30,"y":18},{"id":"63","x":31,"y":18},{"id":"69","x":29,"y":19},{"id":"65","x":30,"y":19},{"id":"66","x":31,"y":19},{"id":"24","x":3,"y":6},{"id":"24","x":4,"y":6},{"id":"24","x":5,"y":6},{"id":"24","x":6,"y":6},{"id":"24","x":7,"y":6},{"id":"24","x":8,"y":6},{"id":"24","x":3,"y":7},{"id":"24","x":4,"y":7},{"id":"24","x":5,"y":7},{"id":"24","x":6,"y":7},{"id":"24","x":7,"y":7},{"id":"24","x":8,"y":7},{"id":"24","x":3,"y":8},{"id":"24","x":4,"y":8},{"id":"24","x":5,"y":8},{"id":"24","x":6,"y":8},{"id":"24","x":7,"y":8},{"id":"24","x":8,"y":8},{"id":"24","x":3,"y":5},{"id":"24","x":4,"y":5},{"id":"24","x":5,"y":5},{"id":"24","x":6,"y":5},{"id":"24","x":7,"y":5},{"id":"24","x":8,"y":5},{"id":"24","x":9,"y":5},{"id":"24","x":10,"y":5},{"id":"24","x":11,"y":5},{"id":"24","x":12,"y":5},{"id":"24","x":9,"y":6},{"id":"24","x":10,"y":6},{"id":"24","x":11,"y":6},{"id":"24","x":12,"y":6},{"id":"24","x":9,"y":7},{"id":"24","x":10,"y":7},{"id":"24","x":11,"y":7},{"id":"24","x":12,"y":7},{"id":"24","x":9,"y":8},{"id":"24","x":10,"y":8},{"id":"24","x":11,"y":8},{"id":"24","x":12,"y":8},{"id":"24","x":3,"y":9},{"id":"24","x":4,"y":9},{"id":"24","x":5,"y":9},{"id":"24","x":6,"y":9},{"id":"24","x":7,"y":9},{"id":"24","x":8,"y":9},{"id":"24","x":3,"y":10},{"id":"24","x":4,"y":10},{"id":"24","x":5,"y":10},{"id":"24","x":6,"y":10},{"id":"24","x":7,"y":10},{"id":"24","x":8,"y":10},{"id":"24","x":3,"y":11},{"id":"24","x":4,"y":11},{"id":"24","x":5,"y":11},{"id":"24","x":6,"y":11},{"id":"24","x":7,"y":11},{"id":"24","x":8,"y":11},{"id":"24","x":3,"y":12},{"id":"24","x":4,"y":12},{"id":"24","x":5,"y":12},{"id":"24","x":6,"y":12},{"id":"24","x":7,"y":12},{"id":"24","x":8,"y":12},{"id":"24","x":9,"y":9},{"id":"24","x":10,"y":9},{"id":"24","x":11,"y":9},{"id":"24","x":12,"y":9},{"id":"24","x":9,"y":10},{"id":"24","x":10,"y":10},{"id":"24","x":11,"y":10},{"id":"24","x":12,"y":10},{"id":"24","x":9,"y":11},{"id":"24","x":10,"y":11},{"id":"24","x":11,"y":11},{"id":"24","x":12,"y":11},{"id":"24","x":13,"y":11},{"id":"24","x":9,"y":12},{"id":"24","x":10,"y":12},{"id":"24","x":11,"y":12},{"id":"24","x":12,"y":12},{"id":"24","x":13,"y":12},{"id":"24","x":14,"y":12},{"id":"24","x":15,"y":12},{"id":"24","x":16,"y":12},{"id":"24","x":17,"y":12},{"id":"24","x":18,"y":12},{"id":"24","x":19,"y":12},{"id":"24","x":20,"y":12},{"id":"24","x":21,"y":12},{"id":"24","x":22,"y":12},{"id":"24","x":27,"y":9},{"id":"24","x":28,"y":9},{"id":"24","x":27,"y":10},{"id":"24","x":28,"y":10},{"id":"24","x":27,"y":11},{"id":"24","x":28,"y":11},{"id":"24","x":23,"y":12},{"id":"24","x":24,"y":12},{"id":"24","x":25,"y":12},{"id":"24","x":26,"y":12},{"id":"24","x":27,"y":12},{"id":"24","x":28,"y":12},{"id":"24","x":36,"y":9},{"id":"24","x":35,"y":10},{"id":"24","x":36,"y":10},{"id":"24","x":35,"y":11},{"id":"24","x":36,"y":11},{"id":"24","x":35,"y":12},{"id":"24","x":36,"y":12},{"id":"24","x":27,"y":5},{"id":"24","x":28,"y":5},{"id":"24","x":29,"y":5},{"id":"24","x":27,"y":6},{"id":"24","x":28,"y":6},{"id":"24","x":29,"y":6},{"id":"24","x":27,"y":7},{"id":"24","x":28,"y":7},{"id":"24","x":29,"y":7},{"id":"24","x":27,"y":8},{"id":"24","x":28,"y":8},{"id":"24","x":29,"y":8},{"id":"24","x":30,"y":5},{"id":"24","x":31,"y":5},{"id":"24","x":32,"y":5},{"id":"24","x":33,"y":5},{"id":"24","x":34,"y":5},{"id":"24","x":35,"y":5},{"id":"24","x":36,"y":5},{"id":"24","x":30,"y":6},{"id":"24","x":31,"y":6},{"id":"24","x":32,"y":6},{"id":"24","x":33,"y":6},{"id":"24","x":34,"y":6},{"id":"24","x":35,"y":6},{"id":"24","x":36,"y":6},{"id":"24","x":30,"y":7},{"id":"24","x":31,"y":7},{"id":"24","x":32,"y":7},{"id":"24","x":33,"y":7},{"id":"24","x":34,"y":7},{"id":"24","x":35,"y":7},{"id":"24","x":36,"y":7},{"id":"24","x":30,"y":8},{"id":"24","x":31,"y":8},{"id":"24","x":32,"y":8},{"id":"24","x":33,"y":8},{"id":"24","x":34,"y":8},{"id":"24","x":35,"y":8},{"id":"24","x":36,"y":8},{"id":"71","x":38,"y":14},{"id":"71","x":38,"y":13},{"id":"71","x":38,"y":12},{"id":"71","x":38,"y":11},{"id":"71","x":38,"y":10},{"id":"71","x":38,"y":9},{"id":"71","x":38,"y":8},{"id":"71","x":38,"y":7},{"id":"71","x":38,"y":6},{"id":"71","x":38,"y":5},{"id":"71","x":38,"y":4},{"id":"57","x":1,"y":9},{"id":"57","x":1,"y":10},{"id":"57","x":1,"y":11},{"id":"57","x":1,"y":12},{"id":"57","x":1,"y":8},{"id":"57","x":1,"y":7},{"id":"57","x":1,"y":6},{"id":"57","x":1,"y":5},{"id":"57","x":1,"y":4},{"id":"56","x":0,"y":4},{"id":"56","x":0,"y":5},{"id":"56","x":0,"y":6},{"id":"56","x":0,"y":7},{"id":"56","x":0,"y":8},{"id":"56","x":0,"y":9},{"id":"56","x":0,"y":10},{"id":"56","x":0,"y":11},{"id":"23","x":39,"y":4},{"id":"23","x":39,"y":5},{"id":"23","x":39,"y":6},{"id":"23","x":39,"y":7},{"id":"23","x":39,"y":8},{"id":"23","x":39,"y":9},{"id":"23","x":39,"y":10},{"id":"23","x":39,"y":11},{"id":"54","x":4,"y":3},{"id":"54","x":6,"y":3},{"id":"54","x":7,"y":3},{"id":"54","x":8,"y":3},{"id":"54","x":9,"y":3},{"id":"54","x":10,"y":3},{"id":"54","x":11,"y":3},{"id":"54","x":12,"y":3},{"id":"54","x":13,"y":3},{"id":"54","x":14,"y":3},{"id":"54","x":15,"y":3},{"id":"54","x":16,"y":3},{"id":"54","x":17,"y":3},{"id":"54","x":18,"y":3},{"id":"54","x":19,"y":3},{"id":"54","x":20,"y":3},{"id":"54","x":21,"y":3},{"id":"54","x":22,"y":3},{"id":"54","x":23,"y":3},{"id":"54","x":24,"y":3},{"id":"54","x":25,"y":3},{"id":"54","x":26,"y":3},{"id":"54","x":27,"y":3},{"id":"54","x":28,"y":3},{"id":"54","x":29,"y":3},{"id":"54","x":30,"y":3},{"id":"54","x":31,"y":3},{"id":"54","x":32,"y":3},{"id":"54","x":33,"y":3},{"id":"54","x":34,"y":3},{"id":"54","x":35,"y":3},{"id":"54","x":36,"y":3},{"id":"54","x":37,"y":3},{"id":"54","x":5,"y":3},{"id":"54","x":2,"y":3},{"id":"54","x":3,"y":3},{"id":"55","x":1,"y":3},{"id":"25","x":0,"y":3},{"id":"70","x":38,"y":3},{"id":"28","x":39,"y":3},{"id":"71","x":2,"y":12},{"id":"71","x":2,"y":11},{"id":"71","x":2,"y":10},{"id":"71","x":2,"y":9},{"id":"71","x":2,"y":8},{"id":"71","x":2,"y":7},{"id":"71","x":2,"y":6},{"id":"71","x":2,"y":5},{"id":"73","x":2,"y":4},{"id":"26","x":3,"y":4},{"id":"26","x":5,"y":4},{"id":"26","x":6,"y":4},{"id":"26","x":7,"y":4},{"id":"26","x":8,"y":4},{"id":"26","x":9,"y":4},{"id":"26","x":10,"y":4},{"id":"26","x":11,"y":4},{"id":"26","x":12,"y":4},{"id":"26","x":27,"y":4},{"id":"26","x":28,"y":4},{"id":"26","x":29,"y":4},{"id":"26","x":30,"y":4},{"id":"26","x":31,"y":4},{"id":"26","x":32,"y":4},{"id":"26","x":33,"y":4},{"id":"26","x":34,"y":4},{"id":"26","x":35,"y":4},{"id":"26","x":36,"y":4},{"id":"74","x":37,"y":4},{"id":"57","x":37,"y":5},{"id":"57","x":37,"y":6},{"id":"57","x":37,"y":7},{"id":"57","x":37,"y":8},{"id":"57","x":37,"y":9},{"id":"57","x":37,"y":10},{"id":"57","x":37,"y":11},{"id":"57","x":37,"y":12},{"id":"27","x":3,"y":13},{"id":"27","x":4,"y":13},{"id":"27","x":5,"y":13},{"id":"27","x":6,"y":13},{"id":"27","x":7,"y":13},{"id":"27","x":8,"y":13},{"id":"27","x":9,"y":13},{"id":"27","x":10,"y":13},{"id":"27","x":11,"y":13},{"id":"27","x":12,"y":13},{"id":"27","x":13,"y":13},{"id":"27","x":14,"y":13},{"id":"27","x":15,"y":13},{"id":"27","x":16,"y":13},{"id":"27","x":17,"y":13},{"id":"27","x":18,"y":13},{"id":"27","x":19,"y":13},{"id":"27","x":20,"y":13},{"id":"27","x":21,"y":13},{"id":"27","x":22,"y":13},{"id":"27","x":23,"y":13},{"id":"27","x":24,"y":13},{"id":"27","x":25,"y":13},{"id":"27","x":26,"y":13},{"id":"27","x":27,"y":13},{"id":"27","x":28,"y":13},{"id":"27","x":35,"y":13},{"id":"27","x":36,"y":13},{"id":"24","x":31,"y":9},{"id":"24","x":30,"y":9},{"id":"24","x":29,"y":9},{"id":"24","x":32,"y":9},{"id":"24","x":33,"y":9},{"id":"24","x":34,"y":9},{"id":"24","x":35,"y":9},{"id":"75","x":32,"y":10},{"id":"76","x":33,"y":10},{"id":"77","x":34,"y":10},{"id":"78","x":32,"y":11},{"id":"79","x":33,"y":11},{"id":"80","x":34,"y":11},{"id":"81","x":32,"y":12},{"id":"82","x":33,"y":12},{"id":"83","x":34,"y":12},{"id":"84","x":32,"y":13},{"id":"85","x":33,"y":13},{"id":"86","x":34,"y":13},{"id":"87","x":32,"y":14},{"id":"88","x":33,"y":14},{"id":"86","x":34,"y":14},{"id":"89","x":32,"y":15},{"id":"90","x":33,"y":15},{"id":"91","x":34,"y":15},{"id":"75","x":29,"y":10},{"id":"76","x":30,"y":10},{"id":"77","x":31,"y":10},{"id":"78","x":29,"y":11},{"id":"79","x":30,"y":11},{"id":"80","x":31,"y":11},{"id":"81","x":29,"y":12},{"id":"82","x":30,"y":12},{"id":"83","x":31,"y":12},{"id":"84","x":29,"y":13},{"id":"85","x":30,"y":13},{"id":"86","x":31,"y":13},{"id":"87","x":29,"y":14},{"id":"88","x":30,"y":14},{"id":"86","x":31,"y":14},{"id":"89","x":29,"y":15},{"id":"90","x":30,"y":15},{"id":"91","x":31,"y":15},{"id":"26","x":4,"y":4},{"id":"26","x":14,"y":11},{"id":"26","x":15,"y":11},{"id":"26","x":16,"y":11},{"id":"26","x":17,"y":11},{"id":"26","x":18,"y":11},{"id":"26","x":19,"y":11},{"id":"26","x":20,"y":11},{"id":"26","x":21,"y":11},{"id":"26","x":22,"y":11},{"id":"26","x":23,"y":11},{"id":"26","x":24,"y":11},{"id":"26","x":25,"y":11},{"id":"24","x":26,"y":11},{"id":"71","x":26,"y":9},{"id":"71","x":26,"y":10},{"id":"71","x":26,"y":8},{"id":"71","x":26,"y":7},{"id":"71","x":26,"y":6},{"id":"71","x":26,"y":5},{"id":"73","x":26,"y":4},{"id":"74","x":13,"y":4},{"id":"57","x":13,"y":5},{"id":"57","x":13,"y":6},{"id":"57","x":13,"y":7},{"id":"57","x":13,"y":8},{"id":"57","x":13,"y":9},{"id":"57","x":13,"y":10},{"id":"92","x":15,"y":5},{"id":"92","x":16,"y":5},{"id":"92","x":15,"y":6},{"id":"92","x":15,"y":7},{"id":"92","x":15,"y":8},{"id":"92","x":15,"y":9},{"id":"92","x":16,"y":9},{"id":"92","x":16,"y":8},{"id":"92","x":16,"y":6},{"id":"92","x":16,"y":7},{"id":"92","x":17,"y":9},{"id":"92","x":17,"y":8},{"id":"92","x":17,"y":6},{"id":"92","x":17,"y":7},{"id":"92","x":17,"y":5},{"id":"92","x":18,"y":5},{"id":"92","x":19,"y":5},{"id":"92","x":21,"y":5},{"id":"92","x":24,"y":5},{"id":"92","x":24,"y":6},{"id":"92","x":24,"y":7},{"id":"92","x":24,"y":8},{"id":"92","x":24,"y":9},{"id":"92","x":23,"y":9},{"id":"92","x":23,"y":8},{"id":"92","x":22,"y":5},{"id":"92","x":23,"y":5},{"id":"92","x":23,"y":6},{"id":"92","x":23,"y":7},{"id":"92","x":22,"y":6},{"id":"92","x":21,"y":8},{"id":"92","x":22,"y":7},{"id":"92","x":22,"y":8},{"id":"92","x":22,"y":9},{"id":"92","x":21,"y":9},{"id":"92","x":20,"y":9},{"id":"92","x":21,"y":6},{"id":"92","x":21,"y":7},{"id":"92","x":20,"y":8},{"id":"92","x":20,"y":5},{"id":"92","x":20,"y":6},{"id":"92","x":20,"y":7},{"id":"92","x":19,"y":9},{"id":"92","x":18,"y":9},{"id":"92","x":18,"y":8},{"id":"92","x":18,"y":7},{"id":"92","x":18,"y":6},{"id":"92","x":19,"y":6},{"id":"92","x":19,"y":7},{"id":"92","x":19,"y":8},{"id":"93","x":14,"y":4},{"id":"94","x":14,"y":5},{"id":"94","x":14,"y":6},{"id":"94","x":14,"y":7},{"id":"94","x":14,"y":8},{"id":"94","x":14,"y":9},{"id":"95","x":14,"y":10},{"id":"96","x":15,"y":10},{"id":"96","x":16,"y":10},{"id":"96","x":17,"y":10},{"id":"96","x":18,"y":10},{"id":"96","x":19,"y":10},{"id":"96","x":20,"y":10},{"id":"96","x":21,"y":10},{"id":"96","x":22,"y":10},{"id":"96","x":23,"y":10},{"id":"96","x":24,"y":10},{"id":"97","x":15,"y":4},{"id":"97","x":16,"y":4},{"id":"97","x":17,"y":4},{"id":"97","x":18,"y":4},{"id":"97","x":19,"y":4},{"id":"97","x":20,"y":4},{"id":"97","x":21,"y":4},{"id":"97","x":22,"y":4},{"id":"97","x":23,"y":4},{"id":"97","x":24,"y":4},{"id":"98","x":25,"y":4},{"id":"99","x":25,"y":5},{"id":"99","x":25,"y":6},{"id":"99","x":25,"y":7},{"id":"99","x":25,"y":8},{"id":"99","x":25,"y":9},{"id":"100","x":25,"y":10},{"id":"101","x":2,"y":13}],"collider":false}]}